customer_id,branch_id,customer_type,join_date
C00001,B021,Retail,2022-11-30
C00002,B006,Retail,2021-04-13
C00003,B013,Retail,2021-01-21
C00004,B006,Retail,2021-08-21
C00005,B025,SME,2022-11-13
C00006,B014,SME,2022-02-05
C00007,B003,Retail,2023-05-05
C00008,B003,SME,2022-09-28
C00009,B021,SME,2022-10-05
C00010,B012,SME,2022-07-18
C00011,B010,SME,2023-02-10
C00012,B013,SME,2022-05-16
C00013,B023,SME,2022-09-19
C00014,B023,Retail,2022-03-28
C00015,B013,SME,2022-02-14
C00016,B008,SME,2022-02-16
C00017,B021,SME,2021-12-21
C00018,B009,Retail,2021-01-27
C00019,B003,SME,2021-07-31
C00020,B018,SME,2021-06-14
C00021,B005,SME,2022-03-25
C00022,B025,SME,2022-11-20
C00023,B012,Retail,2022-12-13
C00024,B011,Retail,2021-05-11
C00025,B019,SME,2022-10-26
C00026,B025,Retail,2023-01-31
C00027,B023,Retail,2023-06-06
C00028,B004,Retail,2022-12-14
C00029,B004,Retail,2022-12-16
C00030,B011,SME,2021-01-26
C00031,B019,Retail,2023-06-10
C00032,B015,SME,2021-09-06
C00033,B015,SME,2021-04-01
C00034,B022,SME,2022-03-15
C00035,B021,SME,2023-01-03
C00036,B014,Retail,2022-04-26
C00037,B007,Retail,2022-01-18
C00038,B003,Retail,2021-02-03
C00039,B001,Retail,2021-01-29
C00040,B021,SME,2022-11-21
C00041,B003,SME,2023-04-15
C00042,B012,Retail,2022-12-22
C00043,B007,Retail,2022-06-24
C00044,B001,Retail,2021-09-12
C00045,B005,SME,2021-06-13
C00046,B006,Retail,2021-08-08
C00047,B016,Retail,2023-04-26
C00048,B015,Retail,2021-10-29
C00049,B015,Retail,2021-02-15
C00050,B005,Retail,2022-09-29
C00051,B025,Retail,2021-04-04
C00052,B004,SME,2021-04-27
C00053,B018,Retail,2022-09-30
C00054,B004,Retail,2022-03-27
C00055,B004,SME,2021-06-09
C00056,B025,SME,2022-01-20
C00057,B011,Retail,2021-08-10
C00058,B001,SME,2022-03-16
C00059,B022,SME,2023-05-20
C00060,B011,Retail,2022-10-26
C00061,B018,SME,2021-03-11
C00062,B013,SME,2021-02-22
C00063,B023,Retail,2022-05-13
C00064,B010,SME,2021-05-05
C00065,B020,Retail,2023-06-14
C00066,B011,SME,2022-10-27
C00067,B011,Retail,2022-12-17
C00068,B009,SME,2022-06-22
C00069,B005,SME,2022-12-19
C00070,B022,Retail,2023-01-06
C00071,B008,SME,2022-02-02
C00072,B002,SME,2023-03-09
C00073,B019,SME,2023-05-09
C00074,B014,Retail,2022-10-16
C00075,B025,SME,2022-09-01
C00076,B013,Retail,2023-04-10
C00077,B012,Retail,2022-11-03
C00078,B017,Retail,2022-03-25
C00079,B019,Retail,2021-11-22
C00080,B002,SME,2021-10-26
C00081,B022,SME,2021-10-18
C00082,B010,SME,2021-08-10
C00083,B015,Retail,2021-11-29
C00084,B015,Retail,2021-07-20
C00085,B001,Retail,2022-07-17
C00086,B008,Retail,2022-11-14
C00087,B006,SME,2021-09-02
C00088,B014,Retail,2022-06-20
C00089,B020,Retail,2021-05-10
C00090,B003,SME,2021-10-24
C00091,B010,SME,2023-05-25
C00092,B014,SME,2022-10-01
C00093,B001,SME,2023-01-16
C00094,B008,SME,2023-05-25
C00095,B019,Retail,2022-08-02
C00096,B016,Retail,2022-01-10
C00097,B022,SME,2022-04-24
C00098,B017,Retail,2022-01-22
C00099,B010,SME,2023-02-01
C00100,B002,Retail,2021-09-27
C00101,B023,Retail,2021-10-15
C00102,B024,Retail,2022-09-17
C00103,B025,Retail,2023-01-09
C00104,B002,SME,2022-10-19
C00105,B009,Retail,2023-02-18
C00106,B002,Retail,2022-06-05
C00107,B022,Retail,2022-05-08
C00108,B006,Retail,2022-03-11
C00109,B004,Retail,2021-12-19
C00110,B006,SME,2021-11-21
C00111,B005,SME,2022-01-21
C00112,B018,SME,2022-05-09
C00113,B001,Retail,2021-05-17
C00114,B015,SME,2022-03-30
C00115,B008,Retail,2022-03-24
C00116,B010,SME,2022-01-11
C00117,B021,SME,2022-02-05
C00118,B010,SME,2021-07-23
C00119,B013,SME,2022-03-24
C00120,B012,SME,2023-06-09
C00121,B008,Retail,2023-02-03
C00122,B022,Retail,2022-07-11
C00123,B016,SME,2023-01-28
C00124,B021,Retail,2022-12-15
C00125,B012,SME,2021-12-14
C00126,B006,Retail,2021-11-17
C00127,B002,SME,2022-11-19
C00128,B024,Retail,2021-12-21
C00129,B012,SME,2021-03-31
C00130,B002,Retail,2021-03-31
C00131,B021,SME,2021-08-03
C00132,B011,Retail,2022-01-15
C00133,B011,Retail,2021-10-04
C00134,B002,Retail,2021-11-13
C00135,B014,Retail,2022-05-14
C00136,B009,Retail,2021-01-22
C00137,B022,SME,2021-01-08
C00138,B005,Retail,2023-06-09
C00139,B005,Retail,2022-08-26
C00140,B002,Retail,2022-02-09
C00141,B008,SME,2022-12-12
C00142,B019,SME,2022-03-13
C00143,B021,SME,2021-01-29
C00144,B002,Retail,2021-12-11
C00145,B007,SME,2022-06-06
C00146,B020,SME,2021-08-13
C00147,B007,SME,2022-05-06
C00148,B009,Retail,2022-04-13
C00149,B005,SME,2023-02-07
C00150,B024,SME,2023-05-10
C00151,B025,SME,2022-05-24
C00152,B013,Retail,2022-07-27
C00153,B011,SME,2022-10-26
C00154,B007,SME,2021-04-30
C00155,B009,Retail,2022-10-20
C00156,B006,SME,2022-06-22
C00157,B018,Retail,2022-04-06
C00158,B024,SME,2022-07-29
C00159,B009,SME,2021-08-10
C00160,B017,Retail,2022-05-22
C00161,B013,Retail,2021-03-05
C00162,B015,SME,2022-07-18
C00163,B005,Retail,2022-10-10
C00164,B011,SME,2022-10-27
C00165,B001,Retail,2022-11-05
C00166,B015,SME,2022-07-24
C00167,B002,Retail,2022-05-18
C00168,B022,Retail,2023-04-27
C00169,B006,Retail,2023-02-04
C00170,B015,SME,2022-05-25
C00171,B019,SME,2021-07-02
C00172,B015,Retail,2022-06-28
C00173,B010,SME,2022-06-12
C00174,B016,Retail,2021-05-19
C00175,B001,SME,2022-04-04
C00176,B018,SME,2022-06-21
C00177,B021,Retail,2021-01-06
C00178,B022,Retail,2022-01-13
C00179,B010,SME,2023-02-26
C00180,B001,Retail,2022-04-01
C00181,B012,SME,2022-02-17
C00182,B022,SME,2021-11-27
C00183,B022,Retail,2023-03-23
C00184,B013,SME,2022-06-07
C00185,B013,SME,2022-03-29
C00186,B006,SME,2022-09-05
C00187,B025,SME,2022-12-30
C00188,B015,SME,2021-11-28
C00189,B024,SME,2022-08-15
C00190,B003,SME,2021-11-06
C00191,B021,SME,2022-06-05
C00192,B023,SME,2021-04-26
C00193,B025,SME,2022-02-28
C00194,B018,Retail,2023-01-19
C00195,B010,SME,2022-08-02
C00196,B025,SME,2022-08-04
C00197,B023,SME,2022-09-14
C00198,B016,Retail,2022-12-12
C00199,B020,Retail,2023-02-02
C00200,B003,SME,2022-03-13
C00201,B025,SME,2021-01-26
C00202,B010,SME,2021-03-14
C00203,B023,SME,2023-04-10
C00204,B014,Retail,2022-01-06
C00205,B016,Retail,2021-11-06
C00206,B018,SME,2021-03-02
C00207,B013,SME,2022-12-25
C00208,B023,Retail,2022-07-27
C00209,B002,SME,2022-04-13
C00210,B012,Retail,2021-02-08
C00211,B010,SME,2022-11-09
C00212,B016,SME,2022-08-16
C00213,B023,Retail,2021-08-09
C00214,B023,Retail,2022-07-23
C00215,B016,Retail,2023-03-02
C00216,B002,Retail,2022-06-08
C00217,B012,SME,2022-02-15
C00218,B003,SME,2022-02-09
C00219,B014,Retail,2021-01-05
C00220,B014,SME,2021-10-20
C00221,B023,SME,2021-10-31
C00222,B002,SME,2022-10-28
C00223,B015,Retail,2021-07-26
C00224,B007,Retail,2023-06-19
C00225,B010,Retail,2021-01-16
C00226,B012,SME,2021-11-17
C00227,B019,SME,2021-08-30
C00228,B002,SME,2021-06-16
C00229,B010,SME,2023-06-11
C00230,B023,SME,2022-03-03
C00231,B021,SME,2021-05-06
C00232,B025,SME,2022-05-12
C00233,B005,Retail,2022-03-01
C00234,B021,Retail,2021-11-04
C00235,B009,Retail,2021-03-31
C00236,B014,Retail,2022-12-24
C00237,B007,Retail,2022-05-08
C00238,B002,Retail,2021-04-02
C00239,B016,SME,2021-06-21
C00240,B024,SME,2021-05-19
C00241,B019,Retail,2022-10-12
C00242,B022,SME,2021-11-05
C00243,B012,Retail,2022-02-19
C00244,B008,Retail,2023-06-12
C00245,B010,Retail,2023-04-29
C00246,B006,SME,2022-04-12
C00247,B019,SME,2021-05-03
C00248,B009,Retail,2022-12-18
C00249,B007,SME,2023-01-02
C00250,B003,SME,2022-05-03
C00251,B023,SME,2023-03-07
C00252,B019,SME,2022-04-20
C00253,B015,SME,2022-03-22
C00254,B020,SME,2023-05-09
C00255,B003,SME,2022-06-15
C00256,B014,SME,2022-10-16
C00257,B013,Retail,2022-02-10
C00258,B024,Retail,2023-05-06
C00259,B017,SME,2023-04-17
C00260,B017,SME,2021-09-30
C00261,B006,SME,2021-09-23
C00262,B012,SME,2021-05-27
C00263,B001,SME,2022-10-09
C00264,B016,Retail,2022-05-19
C00265,B008,Retail,2021-01-01
C00266,B024,Retail,2021-01-13
C00267,B023,Retail,2022-03-31
C00268,B019,Retail,2021-12-30
C00269,B002,SME,2022-07-29
C00270,B016,Retail,2021-09-02
C00271,B024,Retail,2022-05-05
C00272,B021,SME,2023-03-05
C00273,B024,SME,2021-02-07
C00274,B008,Retail,2023-03-04
C00275,B018,SME,2023-02-03
C00276,B001,Retail,2022-09-03
C00277,B018,SME,2021-07-19
C00278,B015,Retail,2021-10-14
C00279,B021,SME,2022-03-07
C00280,B018,Retail,2021-03-26
C00281,B003,SME,2021-07-27
C00282,B023,Retail,2023-04-29
C00283,B009,SME,2022-11-26
C00284,B013,Retail,2023-03-03
C00285,B012,SME,2021-05-21
C00286,B020,Retail,2021-03-06
C00287,B003,SME,2021-08-14
C00288,B024,SME,2021-01-20
C00289,B007,Retail,2021-02-24
C00290,B004,SME,2022-07-27
C00291,B003,Retail,2022-08-01
C00292,B005,Retail,2022-07-28
C00293,B018,SME,2021-09-15
C00294,B019,Retail,2023-05-29
C00295,B012,SME,2021-03-18
C00296,B025,Retail,2021-11-23
C00297,B025,Retail,2021-03-23
C00298,B003,Retail,2021-12-19
C00299,B017,SME,2022-03-19
C00300,B001,SME,2022-05-15
C00301,B006,Retail,2021-12-09
C00302,B021,SME,2021-03-12
C00303,B018,Retail,2021-01-25
C00304,B005,SME,2023-05-16
C00305,B008,SME,2022-01-15
C00306,B020,SME,2023-03-03
C00307,B016,SME,2023-02-09
C00308,B020,Retail,2022-03-19
C00309,B013,Retail,2021-03-06
C00310,B005,Retail,2022-01-19
C00311,B006,SME,2021-04-29
C00312,B022,SME,2023-01-28
C00313,B002,Retail,2023-05-09
C00314,B011,SME,2022-05-05
C00315,B004,SME,2022-05-10
C00316,B024,Retail,2021-01-25
C00317,B025,Retail,2022-06-08
C00318,B019,Retail,2021-06-27
C00319,B014,SME,2022-02-22
C00320,B016,SME,2022-04-14
C00321,B005,Retail,2021-11-12
C00322,B006,Retail,2022-07-28
C00323,B007,SME,2023-01-20
C00324,B015,Retail,2021-08-16
C00325,B021,SME,2021-08-08
C00326,B010,Retail,2022-07-25
C00327,B025,Retail,2022-08-24
C00328,B004,SME,2022-03-06
C00329,B019,SME,2021-03-13
C00330,B011,Retail,2023-06-12
C00331,B019,SME,2021-02-10
C00332,B022,SME,2021-07-22
C00333,B025,Retail,2021-07-18
C00334,B023,Retail,2022-12-08
C00335,B007,Retail,2021-09-28
C00336,B012,SME,2023-06-15
C00337,B016,Retail,2021-11-08
C00338,B010,Retail,2022-03-16
C00339,B001,Retail,2021-02-06
C00340,B012,SME,2022-02-28
C00341,B006,SME,2022-06-19
C00342,B004,SME,2021-07-21
C00343,B019,Retail,2022-11-14
C00344,B021,Retail,2023-01-09
C00345,B005,SME,2022-07-16
C00346,B003,Retail,2022-04-26
C00347,B013,Retail,2021-06-19
C00348,B014,SME,2021-10-21
C00349,B015,Retail,2023-04-17
C00350,B024,SME,2022-01-19
C00351,B006,SME,2021-04-26
C00352,B014,Retail,2021-09-18
C00353,B012,Retail,2022-12-07
C00354,B013,Retail,2021-04-16
C00355,B006,SME,2022-01-07
C00356,B012,SME,2022-04-16
C00357,B015,SME,2021-09-22
C00358,B005,SME,2021-04-27
C00359,B004,Retail,2022-03-05
C00360,B018,SME,2022-04-10
C00361,B006,Retail,2022-12-04
C00362,B020,SME,2022-01-15
C00363,B015,SME,2023-04-24
C00364,B022,Retail,2022-01-12
C00365,B014,Retail,2021-10-21
C00366,B006,Retail,2022-09-15
C00367,B013,Retail,2021-03-28
C00368,B018,Retail,2021-02-04
C00369,B015,Retail,2021-03-04
C00370,B022,SME,2022-05-23
C00371,B017,SME,2023-03-06
C00372,B024,SME,2022-01-16
C00373,B023,SME,2021-09-14
C00374,B019,SME,2021-06-28
C00375,B004,Retail,2023-01-23
C00376,B008,SME,2022-05-15
C00377,B002,Retail,2021-08-17
C00378,B004,Retail,2021-01-14
C00379,B015,Retail,2022-09-14
C00380,B022,SME,2022-05-21
C00381,B018,SME,2021-03-02
C00382,B007,Retail,2023-04-21
C00383,B008,SME,2021-08-25
C00384,B008,Retail,2022-12-03
C00385,B012,SME,2022-09-17
C00386,B022,SME,2022-02-09
C00387,B015,SME,2023-01-29
C00388,B019,Retail,2022-01-26
C00389,B023,SME,2021-01-04
C00390,B011,SME,2021-11-16
C00391,B005,SME,2023-02-08
C00392,B024,Retail,2022-04-24
C00393,B011,Retail,2023-04-29
C00394,B013,Retail,2022-02-01
C00395,B019,Retail,2022-08-14
C00396,B004,Retail,2022-11-12
C00397,B006,SME,2021-10-24
C00398,B006,Retail,2022-01-28
C00399,B012,Retail,2022-11-07
C00400,B014,Retail,2023-05-01
C00401,B024,SME,2021-03-29
C00402,B014,SME,2021-05-10
C00403,B013,Retail,2022-11-05
C00404,B024,SME,2021-05-08
C00405,B002,Retail,2022-07-28
C00406,B024,Retail,2023-03-02
C00407,B019,SME,2023-01-09
C00408,B014,SME,2023-05-10
C00409,B005,SME,2021-10-16
C00410,B006,Retail,2022-07-14
C00411,B024,Retail,2022-11-10
C00412,B005,SME,2021-01-18
C00413,B017,Retail,2023-02-16
C00414,B018,Retail,2023-02-26
C00415,B016,SME,2022-03-15
C00416,B021,SME,2021-03-12
C00417,B012,SME,2022-03-24
C00418,B013,SME,2022-02-26
C00419,B005,SME,2021-01-29
C00420,B001,Retail,2021-01-30
C00421,B012,Retail,2021-08-19
C00422,B010,SME,2021-09-26
C00423,B006,SME,2021-08-16
C00424,B010,Retail,2022-04-26
C00425,B002,SME,2021-12-17
C00426,B020,Retail,2021-01-02
C00427,B004,SME,2023-03-02
C00428,B010,SME,2022-02-08
C00429,B011,Retail,2021-06-16
C00430,B001,Retail,2021-03-05
C00431,B010,SME,2021-07-11
C00432,B020,SME,2021-10-27
C00433,B006,Retail,2023-03-04
C00434,B019,SME,2022-04-05
C00435,B021,Retail,2021-09-05
C00436,B015,Retail,2023-04-07
C00437,B005,SME,2021-07-11
C00438,B025,Retail,2023-02-26
C00439,B016,Retail,2022-12-22
C00440,B014,Retail,2021-06-02
C00441,B015,Retail,2023-01-09
C00442,B020,SME,2021-04-15
C00443,B006,SME,2022-11-26
C00444,B008,Retail,2021-03-16
C00445,B017,Retail,2022-03-01
C00446,B019,Retail,2021-02-25
C00447,B011,SME,2022-09-13
C00448,B023,Retail,2022-02-23
C00449,B009,SME,2021-03-02
C00450,B016,Retail,2023-02-04
C00451,B011,SME,2023-05-05
C00452,B019,SME,2021-05-17
C00453,B002,Retail,2021-04-02
C00454,B008,Retail,2021-09-13
C00455,B009,Retail,2022-12-30
C00456,B017,SME,2022-12-03
C00457,B010,SME,2022-06-16
C00458,B007,SME,2023-02-25
C00459,B008,Retail,2022-05-26
C00460,B022,SME,2023-06-16
C00461,B002,Retail,2021-01-11
C00462,B005,SME,2021-03-20
C00463,B007,Retail,2022-11-24
C00464,B011,Retail,2021-12-03
C00465,B024,Retail,2021-04-16
C00466,B008,Retail,2021-01-23
C00467,B014,Retail,2022-06-12
C00468,B014,SME,2022-05-22
C00469,B022,Retail,2022-05-09
C00470,B024,SME,2021-02-06
C00471,B012,Retail,2023-04-09
C00472,B024,Retail,2022-09-27
C00473,B021,Retail,2021-01-29
C00474,B010,Retail,2021-03-05
C00475,B013,Retail,2021-11-06
C00476,B024,SME,2022-11-16
C00477,B021,SME,2022-06-29
C00478,B007,Retail,2021-10-27
C00479,B002,SME,2021-12-29
C00480,B001,SME,2022-08-13
C00481,B007,SME,2021-08-02
C00482,B025,Retail,2022-05-08
C00483,B006,Retail,2022-12-05
C00484,B025,Retail,2023-03-02
C00485,B001,SME,2022-12-09
C00486,B008,Retail,2023-06-14
C00487,B009,Retail,2021-06-02
C00488,B010,Retail,2021-06-29
C00489,B005,Retail,2023-02-24
C00490,B014,SME,2021-04-03
C00491,B008,Retail,2022-06-17
C00492,B014,SME,2021-03-30
C00493,B017,Retail,2022-10-29
C00494,B023,SME,2022-03-31
C00495,B007,SME,2022-12-31
C00496,B018,SME,2023-03-22
C00497,B004,SME,2022-02-28
C00498,B016,SME,2022-07-09
C00499,B007,Retail,2021-10-26
C00500,B001,Retail,2023-05-01
C00501,B017,Retail,2021-10-03
C00502,B022,SME,2023-04-22
C00503,B018,Retail,2021-08-30
C00504,B003,Retail,2022-10-01
C00505,B017,Retail,2022-10-17
C00506,B014,Retail,2021-04-12
C00507,B002,Retail,2022-08-15
C00508,B006,SME,2022-09-29
C00509,B003,Retail,2022-11-16
C00510,B015,Retail,2021-12-14
C00511,B020,SME,2022-12-07
C00512,B022,Retail,2022-01-05
C00513,B005,SME,2022-09-28
C00514,B020,SME,2022-06-07
C00515,B005,SME,2021-05-15
C00516,B020,SME,2021-07-17
C00517,B011,SME,2021-03-26
C00518,B006,SME,2022-11-22
C00519,B007,SME,2022-07-12
C00520,B016,SME,2022-03-21
C00521,B024,SME,2022-01-14
C00522,B003,Retail,2022-05-22
C00523,B005,SME,2023-04-08
C00524,B024,SME,2022-08-13
C00525,B022,Retail,2023-02-09
C00526,B022,SME,2022-01-01
C00527,B006,SME,2021-01-08
C00528,B005,SME,2021-12-01
C00529,B002,Retail,2022-04-26
C00530,B025,Retail,2022-09-03
C00531,B002,Retail,2021-09-09
C00532,B006,SME,2021-11-18
C00533,B005,Retail,2022-07-14
C00534,B009,Retail,2022-03-16
C00535,B015,SME,2021-07-12
C00536,B007,SME,2022-04-05
C00537,B021,SME,2021-05-16
C00538,B019,SME,2022-07-05
C00539,B025,SME,2022-12-10
C00540,B012,SME,2021-02-20
C00541,B024,Retail,2021-05-12
C00542,B016,SME,2022-12-01
C00543,B007,SME,2022-11-25
C00544,B012,Retail,2021-03-11
C00545,B002,Retail,2023-06-03
C00546,B017,Retail,2023-05-17
C00547,B011,SME,2021-10-26
C00548,B020,Retail,2023-02-09
C00549,B007,SME,2023-04-07
C00550,B025,Retail,2021-01-11
C00551,B012,SME,2022-02-19
C00552,B023,SME,2022-02-01
C00553,B011,Retail,2021-06-22
C00554,B012,SME,2023-06-19
C00555,B019,Retail,2022-05-11
C00556,B021,SME,2023-04-06
C00557,B007,SME,2022-05-30
C00558,B023,SME,2021-12-06
C00559,B024,Retail,2023-02-28
C00560,B013,Retail,2021-12-10
C00561,B021,SME,2021-05-02
C00562,B006,SME,2021-01-14
C00563,B021,SME,2022-12-31
C00564,B021,SME,2022-05-28
C00565,B015,SME,2023-03-03
C00566,B018,Retail,2023-01-18
C00567,B024,Retail,2021-12-25
C00568,B011,SME,2022-08-18
C00569,B008,SME,2022-09-14
C00570,B021,SME,2023-01-29
C00571,B004,SME,2021-06-08
C00572,B013,SME,2022-03-27
C00573,B001,SME,2021-10-10
C00574,B020,Retail,2022-10-16
C00575,B023,Retail,2023-01-14
C00576,B023,SME,2022-10-13
C00577,B001,SME,2021-01-18
C00578,B020,Retail,2021-02-18
C00579,B009,SME,2021-12-15
C00580,B022,SME,2023-01-27
C00581,B004,SME,2022-04-07
C00582,B015,SME,2022-10-02
C00583,B025,SME,2023-03-18
C00584,B005,Retail,2022-01-02
C00585,B025,Retail,2022-05-23
C00586,B003,Retail,2021-04-10
C00587,B024,SME,2022-03-27
C00588,B017,SME,2021-07-29
C00589,B001,SME,2023-01-12
C00590,B004,Retail,2022-09-25
C00591,B015,Retail,2022-01-27
C00592,B004,Retail,2021-10-10
C00593,B001,Retail,2021-09-08
C00594,B003,SME,2022-12-30
C00595,B021,SME,2022-10-28
C00596,B002,SME,2022-03-12
C00597,B024,SME,2022-01-30
C00598,B017,Retail,2023-04-19
C00599,B004,Retail,2021-03-26
C00600,B018,Retail,2021-10-07
C00601,B018,SME,2021-05-24
C00602,B022,Retail,2021-06-19
C00603,B002,SME,2022-05-25
C00604,B015,Retail,2021-01-04
C00605,B016,SME,2021-04-11
C00606,B006,SME,2022-05-12
C00607,B004,SME,2021-05-25
C00608,B013,SME,2021-06-08
C00609,B005,SME,2022-09-16
C00610,B006,Retail,2021-10-04
C00611,B024,Retail,2021-12-31
C00612,B006,SME,2021-01-19
C00613,B014,Retail,2022-06-11
C00614,B019,Retail,2023-01-05
C00615,B019,Retail,2021-11-17
C00616,B018,SME,2021-12-02
C00617,B017,SME,2022-06-27
C00618,B007,Retail,2022-01-13
C00619,B017,SME,2021-07-04
C00620,B021,SME,2022-07-21
C00621,B013,SME,2022-01-29
C00622,B010,Retail,2023-06-16
C00623,B021,SME,2022-07-22
C00624,B016,SME,2021-08-10
C00625,B009,SME,2022-12-07
C00626,B013,SME,2021-12-10
C00627,B007,Retail,2022-11-15
C00628,B002,SME,2022-04-22
C00629,B015,Retail,2021-02-21
C00630,B018,Retail,2021-03-19
C00631,B006,Retail,2021-09-16
C00632,B024,Retail,2022-05-01
C00633,B018,SME,2022-08-29
C00634,B022,SME,2022-10-14
C00635,B006,SME,2022-05-02
C00636,B020,SME,2022-09-27
C00637,B007,SME,2021-03-26
C00638,B010,Retail,2021-12-23
C00639,B011,SME,2022-05-25
C00640,B007,SME,2023-06-17
C00641,B002,Retail,2021-08-20
C00642,B017,Retail,2021-02-21
C00643,B013,SME,2021-12-21
C00644,B010,SME,2022-02-16
C00645,B023,SME,2021-04-15
C00646,B012,SME,2021-02-21
C00647,B013,Retail,2022-06-22
C00648,B017,Retail,2022-05-14
C00649,B010,SME,2023-03-26
C00650,B018,Retail,2021-09-15
C00651,B020,Retail,2022-02-02
C00652,B010,SME,2021-11-21
C00653,B024,SME,2021-02-20
C00654,B005,Retail,2022-06-30
C00655,B012,Retail,2023-01-20
C00656,B019,Retail,2022-11-30
C00657,B015,Retail,2022-09-05
C00658,B018,Retail,2023-06-16
C00659,B020,SME,2022-09-20
C00660,B025,Retail,2022-08-13
C00661,B022,Retail,2022-10-09
C00662,B016,Retail,2023-03-30
C00663,B011,SME,2022-04-28
C00664,B014,SME,2021-05-22
C00665,B025,SME,2022-12-09
C00666,B003,SME,2022-04-05
C00667,B023,SME,2021-12-30
C00668,B022,SME,2023-04-26
C00669,B009,SME,2021-08-06
C00670,B019,Retail,2023-06-13
C00671,B022,Retail,2021-07-03
C00672,B014,SME,2021-12-08
C00673,B014,SME,2022-01-13
C00674,B004,SME,2021-05-05
C00675,B011,SME,2022-12-17
C00676,B004,Retail,2021-04-15
C00677,B015,SME,2021-12-03
C00678,B011,Retail,2022-06-07
C00679,B015,SME,2021-09-28
C00680,B008,Retail,2021-04-11
C00681,B010,SME,2023-02-04
C00682,B013,Retail,2021-05-17
C00683,B016,Retail,2021-10-18
C00684,B006,Retail,2021-11-29
C00685,B018,SME,2023-01-24
C00686,B016,Retail,2022-02-15
C00687,B023,Retail,2023-02-25
C00688,B017,Retail,2022-02-08
C00689,B006,SME,2022-11-26
C00690,B018,Retail,2023-03-10
C00691,B006,Retail,2021-07-01
C00692,B010,SME,2021-07-05
C00693,B013,SME,2021-05-09
C00694,B011,SME,2022-02-01
C00695,B010,SME,2021-06-12
C00696,B005,Retail,2022-07-25
C00697,B012,Retail,2021-03-13
C00698,B013,SME,2023-05-25
C00699,B009,Retail,2021-01-08
C00700,B017,Retail,2022-04-16
C00701,B017,Retail,2021-05-10
C00702,B016,SME,2021-11-10
C00703,B010,Retail,2021-05-30
C00704,B004,SME,2021-02-23
C00705,B014,Retail,2022-08-24
C00706,B007,Retail,2022-01-19
C00707,B021,SME,2021-06-15
C00708,B009,Retail,2023-05-21
C00709,B016,Retail,2021-08-24
C00710,B015,Retail,2023-04-23
C00711,B008,Retail,2022-08-19
C00712,B011,SME,2021-10-26
C00713,B005,SME,2021-02-16
C00714,B016,SME,2021-08-08
C00715,B002,Retail,2021-12-24
C00716,B023,SME,2021-10-24
C00717,B012,SME,2022-03-08
C00718,B006,SME,2023-05-20
C00719,B002,Retail,2021-03-16
C00720,B002,Retail,2021-08-19
C00721,B004,Retail,2022-12-14
C00722,B014,Retail,2022-07-09
C00723,B008,Retail,2021-03-06
C00724,B012,Retail,2022-04-15
C00725,B013,SME,2022-10-22
C00726,B025,Retail,2022-05-04
C00727,B023,SME,2021-01-27
C00728,B018,Retail,2023-03-26
C00729,B025,SME,2021-08-02
C00730,B005,Retail,2023-05-05
C00731,B011,Retail,2022-01-07
C00732,B025,SME,2022-03-07
C00733,B018,Retail,2023-02-17
C00734,B022,SME,2022-07-03
C00735,B002,Retail,2021-01-08
C00736,B020,SME,2021-05-09
C00737,B005,SME,2023-05-11
C00738,B008,SME,2022-03-18
C00739,B007,Retail,2022-05-22
C00740,B025,Retail,2021-05-26
C00741,B010,Retail,2023-04-10
C00742,B004,Retail,2022-01-02
C00743,B010,SME,2022-11-10
C00744,B013,Retail,2022-03-02
C00745,B016,SME,2021-03-12
C00746,B021,Retail,2021-08-14
C00747,B013,Retail,2021-08-21
C00748,B017,Retail,2021-04-14
C00749,B006,Retail,2023-02-20
C00750,B008,Retail,2021-01-10
C00751,B001,Retail,2023-01-03
C00752,B008,Retail,2022-12-11
C00753,B002,SME,2022-12-05
C00754,B009,SME,2023-05-28
C00755,B022,SME,2023-06-07
C00756,B016,Retail,2021-04-12
C00757,B005,SME,2021-03-13
C00758,B005,SME,2023-02-16
C00759,B016,Retail,2022-01-26
C00760,B013,Retail,2023-03-14
C00761,B002,SME,2021-02-25
C00762,B012,SME,2022-07-14
C00763,B014,SME,2022-02-18
C00764,B021,SME,2022-12-01
C00765,B009,SME,2023-02-06
C00766,B013,SME,2023-06-03
C00767,B024,SME,2022-08-09
C00768,B017,Retail,2022-10-03
C00769,B005,SME,2021-08-28
C00770,B011,SME,2023-03-01
C00771,B010,Retail,2021-10-16
C00772,B025,SME,2023-01-11
C00773,B003,Retail,2022-11-17
C00774,B021,Retail,2022-08-29
C00775,B020,SME,2021-01-30
C00776,B018,Retail,2021-06-26
C00777,B009,Retail,2021-03-10
C00778,B008,SME,2022-03-17
C00779,B001,Retail,2021-04-24
C00780,B007,Retail,2022-05-09
C00781,B005,SME,2022-07-10
C00782,B001,Retail,2022-01-12
C00783,B022,Retail,2022-05-25
C00784,B022,SME,2022-08-30
C00785,B019,SME,2021-01-17
C00786,B024,SME,2021-08-13
C00787,B005,SME,2023-06-14
C00788,B009,Retail,2021-10-15
C00789,B024,SME,2021-01-08
C00790,B024,SME,2023-06-14
C00791,B011,Retail,2023-01-22
C00792,B014,Retail,2023-06-12
C00793,B004,Retail,2021-09-29
C00794,B004,SME,2021-12-20
C00795,B003,SME,2023-06-04
C00796,B004,Retail,2021-10-14
C00797,B013,SME,2022-09-29
C00798,B011,Retail,2022-10-12
C00799,B007,SME,2022-08-12
C00800,B003,SME,2022-06-09
C00801,B004,Retail,2021-08-02
C00802,B018,SME,2021-06-10
C00803,B013,Retail,2021-02-04
C00804,B007,SME,2021-07-24
C00805,B006,Retail,2021-10-08
C00806,B024,SME,2021-06-30
C00807,B018,Retail,2022-12-11
C00808,B022,SME,2022-03-10
C00809,B010,SME,2023-01-15
C00810,B004,Retail,2022-06-18
C00811,B023,Retail,2021-04-09
C00812,B018,Retail,2023-03-07
C00813,B005,SME,2023-05-06
C00814,B012,SME,2021-08-30
C00815,B012,SME,2022-04-08
C00816,B001,Retail,2022-05-07
C00817,B012,SME,2023-05-15
C00818,B005,SME,2021-05-31
C00819,B016,Retail,2022-05-04
C00820,B011,Retail,2022-05-31
C00821,B024,Retail,2021-11-01
C00822,B005,SME,2023-04-12
C00823,B024,SME,2023-01-06
C00824,B014,Retail,2021-12-22
C00825,B022,Retail,2021-07-18
C00826,B014,SME,2023-06-10
C00827,B016,Retail,2021-04-30
C00828,B015,Retail,2022-01-27
C00829,B013,Retail,2021-02-07
C00830,B012,Retail,2023-03-15
C00831,B020,Retail,2023-02-02
C00832,B016,SME,2021-01-03
C00833,B007,Retail,2023-06-15
C00834,B023,Retail,2022-10-11
C00835,B023,SME,2021-02-25
C00836,B006,SME,2021-11-26
C00837,B021,Retail,2021-02-20
C00838,B010,SME,2022-11-04
C00839,B013,Retail,2021-04-15
C00840,B018,Retail,2023-03-05
C00841,B021,SME,2021-07-10
C00842,B025,Retail,2021-12-03
C00843,B025,SME,2023-02-16
C00844,B019,Retail,2023-02-26
C00845,B014,SME,2022-03-13
C00846,B014,Retail,2021-04-26
C00847,B003,Retail,2023-02-26
C00848,B006,Retail,2021-03-15
C00849,B005,SME,2023-05-23
C00850,B008,Retail,2021-06-15
C00851,B018,SME,2022-12-02
C00852,B025,SME,2023-03-09
C00853,B013,Retail,2021-10-29
C00854,B002,SME,2023-05-05
C00855,B022,Retail,2023-06-13
C00856,B005,Retail,2021-05-14
C00857,B012,Retail,2021-03-19
C00858,B012,SME,2021-11-05
C00859,B024,Retail,2021-03-10
C00860,B015,SME,2021-07-13
C00861,B016,Retail,2022-07-05
C00862,B023,SME,2022-05-15
C00863,B025,Retail,2022-12-02
C00864,B010,SME,2021-03-13
C00865,B011,Retail,2021-06-20
C00866,B013,SME,2023-05-10
C00867,B009,SME,2022-09-14
C00868,B005,Retail,2021-09-09
C00869,B025,Retail,2022-06-10
C00870,B019,Retail,2023-06-07
C00871,B007,Retail,2023-05-09
C00872,B011,SME,2021-04-15
C00873,B011,Retail,2021-02-02
C00874,B017,SME,2021-11-11
C00875,B005,Retail,2022-03-26
C00876,B017,SME,2022-07-05
C00877,B006,Retail,2021-02-04
C00878,B013,Retail,2021-12-28
C00879,B014,Retail,2023-02-09
C00880,B018,Retail,2022-10-07
C00881,B010,SME,2021-05-26
C00882,B006,Retail,2022-07-27
C00883,B008,SME,2022-12-19
C00884,B005,SME,2022-02-03
C00885,B023,Retail,2022-05-31
C00886,B015,SME,2023-03-24
C00887,B006,Retail,2021-05-23
C00888,B007,Retail,2021-12-06
C00889,B024,SME,2022-09-30
C00890,B021,Retail,2022-08-19
C00891,B017,SME,2021-08-06
C00892,B020,SME,2021-07-12
C00893,B004,SME,2021-04-08
C00894,B008,Retail,2022-09-18
C00895,B009,SME,2022-06-17
C00896,B018,SME,2023-03-09
C00897,B017,SME,2022-11-05
C00898,B018,SME,2022-12-27
C00899,B024,Retail,2022-06-14
C00900,B017,Retail,2022-03-26
C00901,B021,SME,2021-02-03
C00902,B011,SME,2021-10-18
C00903,B012,Retail,2022-12-10
C00904,B020,SME,2022-11-07
C00905,B001,SME,2022-09-07
C00906,B010,Retail,2022-05-27
C00907,B025,Retail,2021-08-27
C00908,B022,SME,2023-06-09
C00909,B003,SME,2022-01-22
C00910,B005,Retail,2021-03-20
C00911,B004,Retail,2021-09-12
C00912,B015,Retail,2022-05-30
C00913,B014,SME,2023-06-06
C00914,B013,Retail,2021-04-14
C00915,B008,Retail,2021-06-16
C00916,B017,Retail,2022-11-06
C00917,B023,SME,2022-04-29
C00918,B003,Retail,2021-10-31
C00919,B025,SME,2021-01-10
C00920,B002,SME,2023-04-27
C00921,B023,Retail,2023-01-20
C00922,B013,Retail,2021-03-05
C00923,B003,Retail,2021-01-04
C00924,B023,SME,2021-03-27
C00925,B024,SME,2021-12-23
C00926,B019,SME,2022-12-02
C00927,B019,Retail,2022-09-20
C00928,B023,SME,2021-12-13
C00929,B001,Retail,2022-05-16
C00930,B025,Retail,2021-10-12
C00931,B022,SME,2021-01-17
C00932,B024,Retail,2021-05-27
C00933,B012,SME,2023-03-20
C00934,B010,Retail,2023-01-20
C00935,B012,SME,2021-02-27
C00936,B013,SME,2021-08-05
C00937,B002,SME,2022-05-06
C00938,B003,Retail,2022-01-16
C00939,B010,SME,2022-10-05
C00940,B017,SME,2023-06-19
C00941,B006,Retail,2021-01-22
C00942,B007,SME,2023-04-24
C00943,B007,Retail,2023-01-18
C00944,B003,Retail,2021-10-29
C00945,B004,SME,2021-05-17
C00946,B001,SME,2023-04-21
C00947,B007,Retail,2022-08-23
C00948,B013,Retail,2021-09-03
C00949,B007,Retail,2021-02-06
C00950,B024,SME,2021-01-17
C00951,B018,SME,2022-09-19
C00952,B024,Retail,2021-12-08
C00953,B003,SME,2021-04-19
C00954,B017,SME,2022-03-26
C00955,B001,SME,2021-10-31
C00956,B024,Retail,2021-10-31
C00957,B019,SME,2022-05-14
C00958,B020,SME,2021-02-08
C00959,B017,Retail,2021-01-22
C00960,B015,SME,2021-02-06
C00961,B017,Retail,2023-03-18
C00962,B002,SME,2021-01-13
C00963,B006,SME,2022-02-15
C00964,B003,Retail,2021-12-30
C00965,B021,Retail,2021-08-04
C00966,B009,SME,2021-05-09
C00967,B021,Retail,2023-02-28
C00968,B004,Retail,2022-07-08
C00969,B017,Retail,2021-07-23
C00970,B021,SME,2021-09-25
C00971,B013,SME,2022-11-21
C00972,B012,Retail,2021-11-29
C00973,B004,SME,2021-05-12
C00974,B007,SME,2021-12-09
C00975,B007,Retail,2021-04-26
C00976,B009,Retail,2022-06-05
C00977,B009,Retail,2021-03-24
C00978,B009,Retail,2023-06-13
C00979,B007,Retail,2022-11-22
C00980,B009,SME,2022-10-20
C00981,B003,Retail,2023-02-21
C00982,B003,Retail,2021-01-06
C00983,B008,SME,2022-11-29
C00984,B002,Retail,2021-08-16
C00985,B002,SME,2022-04-27
C00986,B020,Retail,2022-11-18
C00987,B006,Retail,2021-08-05
C00988,B017,Retail,2021-11-22
C00989,B010,SME,2021-08-19
C00990,B013,Retail,2021-03-28
C00991,B022,Retail,2022-06-04
C00992,B013,SME,2021-10-21
C00993,B007,Retail,2021-07-09
C00994,B013,Retail,2022-02-14
C00995,B002,Retail,2022-02-03
C00996,B006,Retail,2021-03-23
C00997,B019,SME,2021-12-18
C00998,B009,Retail,2023-04-05
C00999,B006,Retail,2022-12-14
C01000,B023,SME,2023-04-09
C01001,B003,SME,2021-03-22
C01002,B003,SME,2022-02-05
C01003,B025,Retail,2023-06-13
C01004,B002,Retail,2021-12-31
C01005,B018,SME,2022-09-06
C01006,B018,Retail,2021-08-18
C01007,B004,Retail,2021-09-25
C01008,B014,Retail,2022-04-10
C01009,B018,Retail,2021-05-29
C01010,B013,SME,2021-09-13
C01011,B007,SME,2022-01-05
C01012,B011,SME,2021-06-26
C01013,B013,SME,2021-11-27
C01014,B002,Retail,2021-01-24
C01015,B003,Retail,2022-02-24
C01016,B005,Retail,2023-01-12
C01017,B003,Retail,2021-03-26
C01018,B024,SME,2021-03-31
C01019,B012,Retail,2023-06-04
C01020,B015,Retail,2022-08-19
C01021,B018,Retail,2023-03-03
C01022,B023,Retail,2021-11-21
C01023,B017,SME,2021-07-14
C01024,B017,Retail,2022-10-17
C01025,B015,SME,2021-03-05
C01026,B013,SME,2022-07-04
C01027,B023,SME,2023-05-05
C01028,B023,Retail,2021-08-05
C01029,B003,SME,2022-12-25
C01030,B009,SME,2021-02-24
C01031,B001,SME,2021-01-11
C01032,B015,Retail,2022-07-30
C01033,B016,SME,2021-12-02
C01034,B016,SME,2021-01-24
C01035,B009,Retail,2022-12-08
C01036,B019,SME,2023-03-17
C01037,B008,Retail,2021-05-19
C01038,B001,Retail,2021-07-12
C01039,B021,SME,2021-12-12
C01040,B015,Retail,2022-04-15
C01041,B011,SME,2022-03-14
C01042,B018,Retail,2023-01-19
C01043,B017,Retail,2021-08-01
C01044,B021,SME,2022-03-22
C01045,B003,SME,2022-05-13
C01046,B009,Retail,2021-05-14
C01047,B014,SME,2021-01-05
C01048,B016,SME,2023-01-27
C01049,B021,SME,2022-06-18
C01050,B018,Retail,2022-05-24
C01051,B016,Retail,2021-12-17
C01052,B017,Retail,2023-05-26
C01053,B024,SME,2021-08-25
C01054,B025,Retail,2021-06-28
C01055,B009,SME,2022-09-05
C01056,B007,Retail,2023-06-19
C01057,B016,Retail,2022-02-13
C01058,B003,Retail,2021-07-24
C01059,B025,SME,2022-08-26
C01060,B013,SME,2021-12-17
C01061,B007,Retail,2022-08-03
C01062,B006,Retail,2022-07-26
C01063,B019,SME,2021-12-09
C01064,B002,SME,2023-02-22
C01065,B014,SME,2022-04-13
C01066,B016,Retail,2022-07-17
C01067,B004,SME,2022-05-25
C01068,B018,SME,2021-02-01
C01069,B013,Retail,2022-09-12
C01070,B011,SME,2022-05-17
C01071,B005,SME,2023-04-23
C01072,B018,Retail,2023-01-18
C01073,B013,Retail,2021-02-15
C01074,B012,Retail,2021-05-05
C01075,B001,SME,2022-09-27
C01076,B005,Retail,2022-01-09
C01077,B022,SME,2021-12-28
C01078,B004,Retail,2022-07-18
C01079,B015,Retail,2021-07-08
C01080,B008,Retail,2022-03-26
C01081,B002,Retail,2022-03-26
C01082,B020,Retail,2022-10-12
C01083,B016,SME,2022-03-20
C01084,B002,SME,2023-04-06
C01085,B007,Retail,2022-02-26
C01086,B003,SME,2023-05-09
C01087,B012,Retail,2022-07-11
C01088,B018,Retail,2022-12-08
C01089,B003,SME,2021-10-18
C01090,B006,SME,2021-01-13
C01091,B009,Retail,2022-12-29
C01092,B019,SME,2021-01-31
C01093,B012,Retail,2022-09-04
C01094,B024,Retail,2022-04-20
C01095,B017,SME,2021-04-14
C01096,B010,SME,2021-04-18
C01097,B021,SME,2022-09-04
C01098,B012,SME,2021-07-23
C01099,B007,SME,2022-12-18
C01100,B003,SME,2022-09-14
C01101,B003,SME,2023-04-12
C01102,B023,Retail,2021-05-20
C01103,B020,Retail,2022-11-16
C01104,B023,Retail,2021-04-28
C01105,B018,SME,2021-02-17
C01106,B018,SME,2023-03-12
C01107,B004,Retail,2021-09-23
C01108,B024,SME,2021-08-16
C01109,B019,SME,2021-11-26
C01110,B005,SME,2022-12-13
C01111,B016,Retail,2021-06-27
C01112,B011,SME,2022-11-17
C01113,B001,SME,2021-11-23
C01114,B015,SME,2023-04-11
C01115,B013,Retail,2021-12-24
C01116,B025,SME,2021-11-06
C01117,B018,Retail,2021-10-19
C01118,B011,Retail,2021-02-12
C01119,B017,SME,2023-02-14
C01120,B021,Retail,2021-11-15
C01121,B019,Retail,2021-04-21
C01122,B017,Retail,2021-02-01
C01123,B021,Retail,2022-07-22
C01124,B002,Retail,2021-07-10
C01125,B014,SME,2023-03-18
C01126,B021,SME,2021-05-28
C01127,B017,SME,2021-10-19
C01128,B017,Retail,2022-06-12
C01129,B016,Retail,2021-02-18
C01130,B007,SME,2021-01-12
C01131,B025,Retail,2022-01-10
C01132,B019,Retail,2023-03-06
C01133,B005,Retail,2021-10-14
C01134,B023,Retail,2021-03-30
C01135,B019,Retail,2021-03-25
C01136,B021,SME,2023-04-25
C01137,B024,SME,2021-01-24
C01138,B009,SME,2021-07-24
C01139,B012,Retail,2022-03-26
C01140,B012,Retail,2022-07-29
C01141,B001,Retail,2022-10-29
C01142,B011,Retail,2023-04-09
C01143,B013,SME,2022-05-31
C01144,B022,SME,2022-06-27
C01145,B014,SME,2022-09-16
C01146,B025,SME,2022-08-29
C01147,B009,SME,2022-04-11
C01148,B024,Retail,2021-04-30
C01149,B006,SME,2021-09-24
C01150,B017,SME,2021-10-03
C01151,B025,Retail,2022-10-10
C01152,B014,Retail,2021-07-10
C01153,B007,Retail,2021-07-19
C01154,B004,Retail,2022-01-28
C01155,B006,SME,2021-08-16
C01156,B011,Retail,2022-07-15
C01157,B012,SME,2022-11-30
C01158,B002,Retail,2022-09-10
C01159,B020,SME,2021-02-15
C01160,B019,Retail,2021-11-09
C01161,B023,SME,2023-03-18
C01162,B019,SME,2022-08-04
C01163,B018,SME,2022-11-15
C01164,B019,Retail,2022-05-10
C01165,B013,Retail,2023-04-30
C01166,B014,Retail,2021-03-26
C01167,B002,Retail,2022-09-15
C01168,B015,Retail,2022-05-24
C01169,B022,SME,2021-05-09
C01170,B008,SME,2023-04-12
C01171,B020,SME,2021-06-24
C01172,B025,SME,2022-05-02
C01173,B023,SME,2022-07-30
C01174,B004,Retail,2023-01-04
C01175,B022,SME,2022-03-09
C01176,B017,Retail,2022-06-19
C01177,B023,SME,2021-09-01
C01178,B019,SME,2021-08-18
C01179,B023,SME,2021-09-27
C01180,B015,SME,2021-12-25
C01181,B009,Retail,2021-06-18
C01182,B001,Retail,2022-12-23
C01183,B025,SME,2022-07-07
C01184,B017,Retail,2023-05-10
C01185,B022,SME,2022-08-25
C01186,B025,SME,2023-02-18
C01187,B020,SME,2021-03-07
C01188,B019,SME,2022-11-25
C01189,B001,Retail,2021-12-20
C01190,B001,Retail,2021-06-10
C01191,B018,SME,2021-10-21
C01192,B016,SME,2021-08-08
C01193,B007,SME,2021-01-30
C01194,B010,Retail,2022-02-28
C01195,B024,Retail,2021-09-17
C01196,B023,Retail,2021-10-15
C01197,B021,SME,2021-08-30
C01198,B019,Retail,2022-08-18
C01199,B025,SME,2022-10-22
C01200,B001,SME,2022-11-04
C01201,B019,SME,2022-10-14
C01202,B025,Retail,2021-02-15
C01203,B011,Retail,2021-09-29
C01204,B018,Retail,2021-09-08
C01205,B017,Retail,2022-04-01
C01206,B006,SME,2022-06-14
C01207,B009,SME,2022-09-15
C01208,B003,Retail,2022-12-27
C01209,B009,Retail,2022-05-18
C01210,B022,Retail,2021-06-17
C01211,B002,SME,2021-09-23
C01212,B014,Retail,2022-11-10
C01213,B002,Retail,2023-06-14
C01214,B008,SME,2022-11-14
C01215,B014,SME,2021-08-19
C01216,B013,Retail,2022-04-28
C01217,B017,Retail,2022-09-10
C01218,B013,Retail,2021-11-26
C01219,B001,SME,2021-06-24
C01220,B013,SME,2022-01-18
C01221,B022,SME,2022-04-26
C01222,B024,SME,2021-03-27
C01223,B008,Retail,2021-07-30
C01224,B002,Retail,2022-01-20
C01225,B022,Retail,2021-06-16
C01226,B021,Retail,2022-07-19
C01227,B025,SME,2023-01-01
C01228,B006,SME,2021-04-25
C01229,B012,SME,2021-10-07
C01230,B015,SME,2023-03-20
C01231,B012,SME,2021-05-16
C01232,B002,Retail,2023-04-15
C01233,B024,SME,2023-02-09
C01234,B015,SME,2023-01-08
C01235,B019,SME,2021-08-11
C01236,B020,SME,2021-05-17
C01237,B002,Retail,2022-09-16
C01238,B020,Retail,2021-10-11
C01239,B001,Retail,2023-01-31
C01240,B003,Retail,2022-07-25
C01241,B014,Retail,2023-05-21
C01242,B019,Retail,2023-01-01
C01243,B013,Retail,2022-01-04
C01244,B025,SME,2023-04-29
C01245,B023,Retail,2021-05-11
C01246,B004,SME,2022-05-10
C01247,B004,SME,2021-01-19
C01248,B021,SME,2022-10-05
C01249,B002,Retail,2021-04-14
C01250,B010,SME,2021-04-10
C01251,B019,Retail,2022-06-12
C01252,B010,SME,2021-03-25
C01253,B025,Retail,2021-12-29
C01254,B011,Retail,2023-05-21
C01255,B023,Retail,2022-01-01
C01256,B004,SME,2022-06-26
C01257,B007,SME,2021-11-17
C01258,B016,SME,2022-10-16
C01259,B005,Retail,2023-05-13
C01260,B005,SME,2021-07-10
C01261,B007,Retail,2021-04-05
C01262,B025,SME,2021-05-31
C01263,B002,SME,2022-01-06
C01264,B002,SME,2021-01-23
C01265,B001,SME,2022-06-21
C01266,B024,SME,2021-02-07
C01267,B002,Retail,2023-03-17
C01268,B020,Retail,2023-03-30
C01269,B015,SME,2023-04-05
C01270,B009,Retail,2021-10-29
C01271,B008,SME,2023-02-11
C01272,B019,Retail,2023-02-02
C01273,B001,SME,2021-07-06
C01274,B012,SME,2021-04-06
C01275,B011,Retail,2022-05-25
C01276,B003,SME,2021-01-19
C01277,B002,Retail,2021-08-27
C01278,B001,SME,2022-04-11
C01279,B012,SME,2023-01-17
C01280,B010,SME,2021-08-01
C01281,B013,Retail,2021-04-20
C01282,B017,Retail,2022-11-04
C01283,B024,Retail,2022-09-15
C01284,B012,SME,2021-06-30
C01285,B025,Retail,2021-03-14
C01286,B013,Retail,2022-03-31
C01287,B024,SME,2023-06-17
C01288,B024,Retail,2022-03-19
C01289,B016,Retail,2023-03-05
C01290,B002,SME,2021-02-16
C01291,B015,SME,2023-01-10
C01292,B011,Retail,2021-12-16
C01293,B009,Retail,2022-02-05
C01294,B009,Retail,2021-07-31
C01295,B020,Retail,2023-03-30
C01296,B018,Retail,2022-11-20
C01297,B015,SME,2021-08-26
C01298,B020,SME,2022-11-28
C01299,B013,SME,2023-02-28
C01300,B004,Retail,2021-11-17
C01301,B008,Retail,2022-07-20
C01302,B001,Retail,2022-07-24
C01303,B008,Retail,2022-05-29
C01304,B012,Retail,2023-01-17
C01305,B023,Retail,2023-05-03
C01306,B024,Retail,2021-09-19
C01307,B013,Retail,2022-03-29
C01308,B002,SME,2023-04-13
C01309,B017,SME,2021-01-08
C01310,B007,Retail,2022-08-22
C01311,B021,Retail,2023-06-05
C01312,B017,SME,2021-09-24
C01313,B006,Retail,2023-04-11
C01314,B011,Retail,2022-03-03
C01315,B003,Retail,2022-09-10
C01316,B001,Retail,2021-06-05
C01317,B001,SME,2022-08-31
C01318,B011,Retail,2021-03-01
C01319,B014,SME,2022-02-06
C01320,B012,Retail,2022-07-01
C01321,B001,Retail,2021-06-22
C01322,B012,SME,2022-08-19
C01323,B007,SME,2021-01-03
C01324,B019,Retail,2021-08-07
C01325,B001,Retail,2021-12-11
C01326,B012,SME,2023-05-09
C01327,B020,SME,2021-01-04
C01328,B009,Retail,2023-02-14
C01329,B010,Retail,2021-08-24
C01330,B002,Retail,2023-03-03
C01331,B004,Retail,2022-10-01
C01332,B005,SME,2022-11-17
C01333,B006,SME,2022-03-19
C01334,B001,Retail,2021-03-18
C01335,B006,SME,2022-02-06
C01336,B003,SME,2023-02-28
C01337,B018,Retail,2022-02-12
C01338,B003,SME,2022-11-28
C01339,B021,SME,2023-06-17
C01340,B019,Retail,2023-05-31
C01341,B014,SME,2022-11-04
C01342,B009,Retail,2021-01-23
C01343,B013,SME,2021-07-10
C01344,B005,Retail,2021-10-20
C01345,B012,SME,2023-05-12
C01346,B020,SME,2023-03-31
C01347,B020,SME,2021-12-26
C01348,B004,Retail,2022-06-22
C01349,B024,Retail,2022-12-24
C01350,B022,SME,2022-11-16
C01351,B017,Retail,2021-03-06
C01352,B016,SME,2021-04-27
C01353,B022,SME,2022-07-30
C01354,B006,Retail,2022-10-07
C01355,B005,SME,2022-12-17
C01356,B011,Retail,2021-07-16
C01357,B023,Retail,2021-04-26
C01358,B008,Retail,2021-06-21
C01359,B023,Retail,2022-07-22
C01360,B019,Retail,2023-02-05
C01361,B019,SME,2022-07-22
C01362,B004,Retail,2021-07-29
C01363,B012,SME,2021-02-27
C01364,B022,SME,2022-07-04
C01365,B019,Retail,2023-03-12
C01366,B013,Retail,2022-04-02
C01367,B018,Retail,2021-05-03
C01368,B009,SME,2022-02-19
C01369,B012,SME,2023-06-17
C01370,B003,SME,2021-05-28
C01371,B023,SME,2022-08-08
C01372,B009,SME,2022-01-03
C01373,B023,SME,2022-12-13
C01374,B009,SME,2021-03-31
C01375,B005,SME,2022-07-11
C01376,B010,Retail,2021-08-24
C01377,B020,SME,2022-05-25
C01378,B011,Retail,2023-03-04
C01379,B007,SME,2021-11-18
C01380,B025,Retail,2021-11-15
C01381,B012,Retail,2022-02-08
C01382,B013,SME,2022-03-18
C01383,B004,Retail,2022-08-07
C01384,B016,SME,2021-12-30
C01385,B024,Retail,2022-09-01
C01386,B013,SME,2022-03-25
C01387,B009,Retail,2022-09-28
C01388,B019,SME,2022-01-16
C01389,B025,Retail,2021-07-19
C01390,B011,SME,2022-03-13
C01391,B003,Retail,2022-10-18
C01392,B025,SME,2022-01-20
C01393,B010,SME,2022-05-09
C01394,B011,Retail,2021-10-16
C01395,B008,SME,2022-12-04
C01396,B007,Retail,2023-03-27
C01397,B010,SME,2022-10-25
C01398,B023,SME,2021-10-08
C01399,B008,Retail,2021-03-17
C01400,B004,SME,2022-10-15
C01401,B022,Retail,2022-03-09
C01402,B022,SME,2022-07-26
C01403,B012,Retail,2021-12-11
C01404,B022,SME,2021-11-20
C01405,B005,Retail,2022-12-16
C01406,B006,SME,2022-09-17
C01407,B013,Retail,2022-06-05
C01408,B025,SME,2021-09-06
C01409,B010,Retail,2023-02-15
C01410,B012,Retail,2023-01-05
C01411,B008,Retail,2021-07-25
C01412,B023,SME,2022-03-07
C01413,B021,SME,2023-05-28
C01414,B006,Retail,2021-10-29
C01415,B016,Retail,2023-06-15
C01416,B014,Retail,2022-06-18
C01417,B007,SME,2021-01-22
C01418,B022,Retail,2022-01-10
C01419,B022,SME,2022-10-09
C01420,B006,SME,2022-07-10
C01421,B015,SME,2021-09-15
C01422,B009,SME,2022-06-04
C01423,B023,SME,2022-07-03
C01424,B013,SME,2023-01-29
C01425,B012,Retail,2022-01-08
C01426,B017,SME,2023-04-02
C01427,B021,Retail,2022-11-06
C01428,B005,SME,2021-05-02
C01429,B024,Retail,2023-03-08
C01430,B007,Retail,2022-11-22
C01431,B001,SME,2021-03-28
C01432,B022,SME,2022-09-09
C01433,B017,Retail,2021-04-16
C01434,B022,SME,2021-05-02
C01435,B014,Retail,2022-08-01
C01436,B024,Retail,2021-12-20
C01437,B005,Retail,2022-02-20
C01438,B008,Retail,2021-01-14
C01439,B007,Retail,2022-05-29
C01440,B015,Retail,2022-04-10
C01441,B017,SME,2022-07-30
C01442,B020,SME,2022-05-01
C01443,B015,SME,2021-02-19
C01444,B011,Retail,2022-03-10
C01445,B021,SME,2023-03-17
C01446,B008,Retail,2022-08-12
C01447,B021,SME,2021-09-11
C01448,B003,SME,2021-02-27
C01449,B010,SME,2022-09-16
C01450,B019,SME,2022-08-09
C01451,B021,SME,2022-06-01
C01452,B021,SME,2021-01-21
C01453,B016,SME,2021-06-24
C01454,B007,Retail,2023-01-13
C01455,B018,SME,2022-10-26
C01456,B009,Retail,2022-08-16
C01457,B011,Retail,2023-05-03
C01458,B001,SME,2022-01-13
C01459,B007,Retail,2022-10-04
C01460,B020,Retail,2023-04-08
C01461,B012,Retail,2021-07-21
C01462,B019,SME,2022-06-08
C01463,B017,Retail,2021-10-24
C01464,B006,SME,2023-06-06
C01465,B023,SME,2021-02-10
C01466,B004,SME,2023-05-14
C01467,B014,SME,2022-02-22
C01468,B011,Retail,2021-04-12
C01469,B010,SME,2021-07-12
C01470,B025,SME,2023-02-14
C01471,B005,SME,2023-05-29
C01472,B003,Retail,2022-03-05
C01473,B012,SME,2021-08-25
C01474,B017,SME,2023-06-18
C01475,B022,Retail,2022-07-31
C01476,B025,Retail,2021-11-16
C01477,B015,SME,2022-12-01
C01478,B010,Retail,2022-09-14
C01479,B024,Retail,2023-04-05
C01480,B014,Retail,2021-02-21
C01481,B023,Retail,2023-05-12
C01482,B013,Retail,2022-09-27
C01483,B022,SME,2023-05-18
C01484,B009,Retail,2021-11-19
C01485,B006,Retail,2021-03-06
C01486,B011,Retail,2022-12-12
C01487,B001,SME,2022-04-07
C01488,B001,Retail,2023-03-11
C01489,B017,Retail,2022-01-23
C01490,B005,Retail,2021-02-01
C01491,B008,Retail,2022-09-17
C01492,B017,SME,2023-02-16
C01493,B017,Retail,2022-12-03
C01494,B008,Retail,2022-03-28
C01495,B019,Retail,2023-06-02
C01496,B005,Retail,2022-09-24
C01497,B018,SME,2021-10-11
C01498,B024,SME,2023-02-18
C01499,B011,SME,2021-09-27
C01500,B004,Retail,2022-04-28
C01501,B003,SME,2022-09-27
C01502,B020,SME,2021-10-15
C01503,B014,Retail,2023-04-21
C01504,B012,Retail,2023-06-08
C01505,B005,Retail,2021-04-25
C01506,B023,SME,2022-09-25
C01507,B020,SME,2022-12-13
C01508,B015,Retail,2022-08-09
C01509,B003,Retail,2022-06-23
C01510,B017,Retail,2021-10-20
C01511,B019,Retail,2021-04-26
C01512,B002,Retail,2022-01-18
C01513,B010,SME,2021-07-31
C01514,B012,SME,2021-03-16
C01515,B017,Retail,2021-11-03
C01516,B018,Retail,2021-03-22
C01517,B018,SME,2022-03-13
C01518,B001,SME,2021-08-09
C01519,B003,Retail,2023-01-05
C01520,B016,Retail,2022-07-01
C01521,B006,SME,2021-12-19
C01522,B021,Retail,2022-04-09
C01523,B017,SME,2023-03-01
C01524,B020,Retail,2022-10-24
C01525,B010,SME,2021-01-29
C01526,B021,Retail,2022-08-22
C01527,B023,SME,2023-05-13
C01528,B018,SME,2023-02-05
C01529,B003,Retail,2021-11-13
C01530,B014,Retail,2023-03-16
C01531,B021,SME,2022-09-20
C01532,B006,Retail,2023-04-19
C01533,B019,Retail,2021-01-29
C01534,B018,SME,2021-09-08
C01535,B003,SME,2021-01-17
C01536,B002,SME,2021-11-08
C01537,B018,Retail,2022-08-21
C01538,B025,SME,2022-06-25
C01539,B016,SME,2023-01-10
C01540,B005,Retail,2021-04-23
C01541,B018,Retail,2023-01-29
C01542,B003,SME,2023-02-13
C01543,B001,SME,2022-11-21
C01544,B019,Retail,2021-09-30
C01545,B024,Retail,2021-04-09
C01546,B005,SME,2021-12-05
C01547,B006,Retail,2021-07-26
C01548,B016,SME,2022-11-30
C01549,B005,Retail,2022-03-29
C01550,B020,Retail,2021-09-13
C01551,B021,SME,2023-06-04
C01552,B020,Retail,2022-01-29
C01553,B016,SME,2021-09-11
C01554,B008,SME,2021-05-23
C01555,B005,Retail,2023-06-13
C01556,B006,Retail,2022-04-28
C01557,B002,Retail,2021-08-08
C01558,B008,SME,2022-08-18
C01559,B022,Retail,2023-01-15
C01560,B020,SME,2022-08-11
C01561,B015,SME,2023-01-08
C01562,B011,Retail,2021-10-11
C01563,B011,SME,2022-05-08
C01564,B017,SME,2023-02-11
C01565,B006,Retail,2022-03-06
C01566,B004,SME,2023-02-23
C01567,B015,Retail,2023-01-03
C01568,B021,SME,2022-07-05
C01569,B012,Retail,2023-05-17
C01570,B025,Retail,2021-11-03
C01571,B003,SME,2021-10-27
C01572,B025,SME,2021-01-16
C01573,B009,Retail,2023-01-13
C01574,B006,SME,2022-10-06
C01575,B016,Retail,2022-04-26
C01576,B007,SME,2022-11-17
C01577,B020,SME,2021-08-30
C01578,B005,Retail,2022-12-30
C01579,B021,Retail,2021-11-09
C01580,B014,Retail,2022-01-16
C01581,B020,SME,2022-04-09
C01582,B010,Retail,2022-03-14
C01583,B011,SME,2021-10-26
C01584,B018,Retail,2021-02-12
C01585,B007,SME,2023-05-31
C01586,B002,Retail,2022-01-25
C01587,B012,SME,2022-06-07
C01588,B022,Retail,2022-10-26
C01589,B014,Retail,2022-09-24
C01590,B018,SME,2021-04-24
C01591,B016,Retail,2022-01-10
C01592,B005,Retail,2021-11-17
C01593,B009,SME,2023-03-05
C01594,B024,SME,2022-05-31
C01595,B018,Retail,2023-05-01
C01596,B009,SME,2021-06-05
C01597,B009,SME,2021-02-10
C01598,B001,SME,2023-05-23
C01599,B023,SME,2021-03-28
C01600,B023,Retail,2022-04-29
C01601,B005,SME,2021-06-20
C01602,B002,SME,2022-08-28
C01603,B023,SME,2023-01-11
C01604,B021,SME,2023-01-11
C01605,B005,Retail,2022-02-18
C01606,B025,Retail,2022-10-06
C01607,B018,SME,2021-12-22
C01608,B015,SME,2021-02-15
C01609,B007,SME,2022-04-02
C01610,B011,Retail,2023-05-01
C01611,B012,Retail,2023-01-18
C01612,B024,Retail,2021-10-01
C01613,B002,SME,2022-11-28
C01614,B005,Retail,2022-03-10
C01615,B018,SME,2022-03-16
C01616,B005,SME,2022-10-29
C01617,B006,SME,2022-09-14
C01618,B022,SME,2021-06-07
C01619,B023,Retail,2023-04-03
C01620,B010,SME,2023-03-18
C01621,B008,Retail,2022-12-30
C01622,B001,SME,2021-09-23
C01623,B023,SME,2021-04-06
C01624,B007,SME,2023-06-10
C01625,B024,Retail,2022-12-06
C01626,B024,SME,2022-02-10
C01627,B012,SME,2022-01-26
C01628,B011,SME,2021-06-22
C01629,B014,SME,2022-03-17
C01630,B014,SME,2021-12-24
C01631,B011,Retail,2023-03-06
C01632,B017,Retail,2021-01-30
C01633,B024,Retail,2022-12-17
C01634,B012,Retail,2022-10-30
C01635,B014,SME,2021-05-31
C01636,B005,Retail,2022-10-15
C01637,B017,SME,2021-01-10
C01638,B025,SME,2022-07-09
C01639,B010,SME,2021-10-22
C01640,B004,SME,2023-02-12
C01641,B018,Retail,2021-04-19
C01642,B003,Retail,2022-07-08
C01643,B010,Retail,2021-11-24
C01644,B006,SME,2021-10-26
C01645,B001,Retail,2022-08-12
C01646,B007,SME,2022-01-03
C01647,B022,SME,2022-09-07
C01648,B016,SME,2022-12-01
C01649,B007,SME,2023-01-23
C01650,B009,SME,2021-05-17
C01651,B022,Retail,2022-10-30
C01652,B017,SME,2021-09-22
C01653,B025,Retail,2022-08-28
C01654,B025,SME,2021-09-24
C01655,B022,SME,2023-04-14
C01656,B019,Retail,2022-06-06
C01657,B010,SME,2022-02-11
C01658,B006,Retail,2023-06-07
C01659,B016,SME,2023-04-19
C01660,B022,SME,2022-02-13
C01661,B021,SME,2021-07-02
C01662,B025,Retail,2021-10-14
C01663,B015,Retail,2022-08-04
C01664,B012,SME,2021-02-13
C01665,B012,SME,2022-03-18
C01666,B024,SME,2021-08-28
C01667,B013,SME,2021-10-22
C01668,B025,Retail,2022-06-11
C01669,B001,Retail,2022-07-05
C01670,B003,SME,2022-02-27
C01671,B018,SME,2022-08-31
C01672,B010,Retail,2021-07-28
C01673,B014,SME,2021-05-11
C01674,B020,SME,2021-03-25
C01675,B014,Retail,2022-07-04
C01676,B014,Retail,2021-09-13
C01677,B007,SME,2022-08-05
C01678,B014,Retail,2022-10-03
C01679,B023,Retail,2022-12-07
C01680,B009,Retail,2021-04-22
C01681,B019,Retail,2022-03-21
C01682,B007,Retail,2023-03-19
C01683,B010,SME,2023-01-22
C01684,B019,Retail,2021-12-14
C01685,B010,SME,2023-04-16
C01686,B014,Retail,2021-04-28
C01687,B013,SME,2021-02-11
C01688,B017,SME,2022-02-17
C01689,B022,SME,2022-04-18
C01690,B021,Retail,2021-10-22
C01691,B008,SME,2023-01-16
C01692,B022,SME,2021-10-21
C01693,B008,SME,2021-12-03
C01694,B017,Retail,2023-02-01
C01695,B001,SME,2021-08-22
C01696,B015,Retail,2023-02-18
C01697,B004,Retail,2022-04-14
C01698,B013,SME,2022-12-13
C01699,B001,SME,2023-05-15
C01700,B009,Retail,2023-03-06
C01701,B006,SME,2021-11-18
C01702,B018,SME,2021-03-10
C01703,B016,SME,2023-06-15
C01704,B012,SME,2022-03-24
C01705,B005,SME,2021-01-03
C01706,B008,Retail,2021-09-10
C01707,B008,Retail,2022-07-04
C01708,B011,SME,2022-10-12
C01709,B022,SME,2021-05-05
C01710,B022,Retail,2022-10-15
C01711,B024,SME,2022-11-16
C01712,B010,Retail,2022-01-19
C01713,B009,SME,2021-07-24
C01714,B010,SME,2021-04-26
C01715,B010,SME,2021-08-15
C01716,B016,SME,2022-09-29
C01717,B005,Retail,2021-05-08
C01718,B025,SME,2021-04-09
C01719,B003,Retail,2021-07-10
C01720,B022,SME,2021-06-18
C01721,B015,SME,2021-10-06
C01722,B008,SME,2022-02-06
C01723,B023,SME,2021-09-12
C01724,B020,SME,2022-10-20
C01725,B016,Retail,2022-12-14
C01726,B002,SME,2023-03-12
C01727,B004,SME,2021-12-02
C01728,B023,Retail,2021-01-20
C01729,B012,SME,2021-11-13
C01730,B024,SME,2021-01-03
C01731,B011,Retail,2023-06-15
C01732,B005,Retail,2021-04-03
C01733,B008,SME,2022-12-28
C01734,B021,Retail,2022-02-11
C01735,B005,Retail,2022-01-08
C01736,B007,SME,2022-05-07
C01737,B007,SME,2023-03-09
C01738,B012,Retail,2021-04-15
C01739,B011,Retail,2021-10-22
C01740,B024,SME,2022-09-06
C01741,B019,Retail,2021-07-30
C01742,B010,Retail,2022-11-14
C01743,B007,SME,2022-01-16
C01744,B018,Retail,2021-03-23
C01745,B003,Retail,2021-11-16
C01746,B020,Retail,2021-09-10
C01747,B007,Retail,2023-03-11
C01748,B017,Retail,2021-01-21
C01749,B003,Retail,2023-03-23
C01750,B021,SME,2021-07-22
C01751,B014,Retail,2023-01-15
C01752,B010,SME,2023-06-18
C01753,B010,SME,2023-02-09
C01754,B007,Retail,2022-04-24
C01755,B022,Retail,2021-12-16
C01756,B006,SME,2022-01-30
C01757,B001,Retail,2022-01-17
C01758,B013,Retail,2023-03-28
C01759,B024,Retail,2023-02-17
C01760,B024,Retail,2022-01-08
C01761,B006,SME,2021-05-16
C01762,B005,SME,2022-01-10
C01763,B017,SME,2021-12-04
C01764,B017,Retail,2022-04-14
C01765,B023,SME,2023-05-07
C01766,B016,SME,2021-02-27
C01767,B005,Retail,2021-06-16
C01768,B012,SME,2021-08-14
C01769,B023,Retail,2022-08-18
C01770,B022,SME,2023-06-12
C01771,B010,SME,2022-09-03
C01772,B010,Retail,2022-12-04
C01773,B013,Retail,2021-08-03
C01774,B011,Retail,2022-04-13
C01775,B011,Retail,2023-01-07
C01776,B017,SME,2023-03-13
C01777,B022,SME,2021-06-22
C01778,B014,SME,2021-02-11
C01779,B017,SME,2021-07-02
C01780,B017,Retail,2021-02-20
C01781,B020,Retail,2021-04-05
C01782,B004,SME,2023-04-18
C01783,B006,SME,2022-10-09
C01784,B007,SME,2021-04-19
C01785,B014,Retail,2021-05-26
C01786,B013,Retail,2021-11-24
C01787,B015,Retail,2021-08-13
C01788,B022,SME,2022-09-04
C01789,B010,SME,2021-09-10
C01790,B007,Retail,2023-02-24
C01791,B001,SME,2021-08-03
C01792,B017,SME,2023-02-24
C01793,B015,SME,2023-05-19
C01794,B014,Retail,2022-12-12
C01795,B006,SME,2022-12-14
C01796,B013,SME,2022-05-19
C01797,B018,Retail,2021-06-22
C01798,B006,SME,2022-05-19
C01799,B005,Retail,2021-01-25
C01800,B022,SME,2022-06-09
C01801,B020,Retail,2022-11-09
C01802,B021,Retail,2021-07-30
C01803,B001,Retail,2022-08-22
C01804,B007,Retail,2022-11-25
C01805,B024,SME,2022-12-15
C01806,B004,Retail,2022-10-03
C01807,B007,SME,2021-06-28
C01808,B015,Retail,2021-10-20
C01809,B016,Retail,2021-11-15
C01810,B018,Retail,2021-04-14
C01811,B025,Retail,2021-07-04
C01812,B017,SME,2021-06-29
C01813,B008,SME,2021-01-28
C01814,B019,SME,2021-03-02
C01815,B022,SME,2021-12-10
C01816,B006,Retail,2023-05-23
C01817,B002,Retail,2021-03-18
C01818,B022,Retail,2023-02-24
C01819,B018,Retail,2022-08-05
C01820,B008,Retail,2022-05-25
C01821,B023,Retail,2021-04-27
C01822,B001,Retail,2022-08-03
C01823,B005,SME,2023-01-28
C01824,B006,SME,2021-06-15
C01825,B012,SME,2022-05-07
C01826,B009,Retail,2021-08-04
C01827,B022,Retail,2023-03-16
C01828,B015,Retail,2022-08-28
C01829,B017,Retail,2022-07-04
C01830,B021,SME,2022-09-06
C01831,B007,Retail,2023-04-07
C01832,B017,SME,2022-08-24
C01833,B013,Retail,2022-01-21
C01834,B007,Retail,2022-03-26
C01835,B021,Retail,2022-11-15
C01836,B025,Retail,2022-08-11
C01837,B008,SME,2022-09-21
C01838,B018,Retail,2021-07-23
C01839,B020,Retail,2023-02-20
C01840,B005,Retail,2022-04-06
C01841,B018,SME,2022-07-19
C01842,B024,SME,2022-07-15
C01843,B009,Retail,2022-12-21
C01844,B024,SME,2021-09-14
C01845,B021,SME,2021-01-28
C01846,B011,SME,2021-06-16
C01847,B009,SME,2022-01-23
C01848,B014,Retail,2021-12-23
C01849,B011,Retail,2021-06-25
C01850,B020,Retail,2023-05-22
C01851,B025,SME,2021-05-30
C01852,B020,Retail,2021-12-07
C01853,B018,Retail,2022-07-27
C01854,B013,Retail,2022-01-11
C01855,B002,Retail,2022-03-08
C01856,B012,SME,2021-10-15
C01857,B014,SME,2021-01-15
C01858,B018,Retail,2021-06-06
C01859,B010,SME,2023-01-23
C01860,B024,SME,2022-06-18
C01861,B001,Retail,2021-07-23
C01862,B021,Retail,2021-12-07
C01863,B012,Retail,2021-08-16
C01864,B011,SME,2021-12-25
C01865,B014,SME,2022-10-10
C01866,B004,Retail,2021-01-13
C01867,B014,SME,2022-05-15
C01868,B003,SME,2021-03-17
C01869,B025,SME,2022-10-14
C01870,B008,Retail,2022-01-05
C01871,B012,Retail,2021-11-12
C01872,B025,SME,2021-11-22
C01873,B007,SME,2021-11-30
C01874,B010,SME,2021-10-13
C01875,B016,Retail,2021-12-16
C01876,B025,SME,2021-10-14
C01877,B015,Retail,2023-01-17
C01878,B024,Retail,2022-05-11
C01879,B025,SME,2021-05-18
C01880,B020,Retail,2022-06-13
C01881,B003,SME,2021-05-16
C01882,B010,SME,2021-11-12
C01883,B014,Retail,2023-04-19
C01884,B020,SME,2022-04-22
C01885,B018,Retail,2022-06-21
C01886,B013,Retail,2023-02-23
C01887,B025,SME,2021-02-04
C01888,B018,SME,2022-09-30
C01889,B008,Retail,2023-05-18
C01890,B015,SME,2022-05-16
C01891,B017,Retail,2022-01-15
C01892,B022,SME,2022-02-08
C01893,B006,Retail,2023-03-31
C01894,B016,SME,2022-06-16
C01895,B009,Retail,2021-12-04
C01896,B023,Retail,2021-08-12
C01897,B007,Retail,2021-01-07
C01898,B013,Retail,2021-10-03
C01899,B025,Retail,2023-04-18
C01900,B004,SME,2023-01-05
C01901,B014,Retail,2021-05-17
C01902,B016,SME,2022-03-06
C01903,B007,SME,2021-03-11
C01904,B003,Retail,2021-06-29
C01905,B025,Retail,2022-01-24
C01906,B004,Retail,2023-04-14
C01907,B022,SME,2023-03-31
C01908,B019,Retail,2023-05-29
C01909,B012,SME,2021-12-08
C01910,B008,SME,2022-12-09
C01911,B007,SME,2021-12-20
C01912,B013,SME,2021-10-24
C01913,B024,SME,2023-04-22
C01914,B024,SME,2023-01-13
C01915,B001,SME,2023-03-15
C01916,B024,Retail,2023-02-17
C01917,B019,SME,2022-12-17
C01918,B018,Retail,2021-05-01
C01919,B017,SME,2021-06-19
C01920,B013,Retail,2022-02-13
C01921,B025,Retail,2022-08-21
C01922,B008,Retail,2022-03-17
C01923,B022,Retail,2021-08-21
C01924,B011,Retail,2021-06-09
C01925,B012,SME,2022-12-03
C01926,B021,SME,2021-02-20
C01927,B014,Retail,2023-05-21
C01928,B010,SME,2023-04-15
C01929,B004,SME,2022-02-09
C01930,B015,Retail,2022-11-01
C01931,B003,Retail,2021-07-19
C01932,B016,SME,2022-11-11
C01933,B018,SME,2021-04-19
C01934,B022,SME,2021-05-19
C01935,B015,Retail,2022-02-01
C01936,B005,Retail,2023-06-16
C01937,B013,Retail,2021-04-24
C01938,B022,Retail,2022-01-03
C01939,B011,Retail,2023-04-11
C01940,B021,SME,2021-11-09
C01941,B020,SME,2022-01-23
C01942,B019,SME,2022-02-24
C01943,B023,SME,2022-04-08
C01944,B003,Retail,2022-08-30
C01945,B007,SME,2021-03-06
C01946,B009,SME,2021-08-11
C01947,B019,SME,2023-04-17
C01948,B020,Retail,2023-05-08
C01949,B006,SME,2022-04-09
C01950,B012,Retail,2021-07-03
C01951,B008,SME,2022-03-28
C01952,B019,Retail,2021-09-26
C01953,B020,Retail,2021-05-11
C01954,B022,Retail,2022-02-03
C01955,B007,Retail,2023-05-26
C01956,B024,Retail,2021-09-28
C01957,B021,SME,2023-06-05
C01958,B009,Retail,2021-07-14
C01959,B010,SME,2022-09-18
C01960,B013,SME,2022-06-03
C01961,B024,Retail,2021-07-16
C01962,B009,SME,2023-03-23
C01963,B019,Retail,2021-12-22
C01964,B001,Retail,2022-08-06
C01965,B013,Retail,2022-09-20
C01966,B005,SME,2023-06-17
C01967,B005,SME,2023-01-09
C01968,B020,Retail,2022-10-31
C01969,B003,Retail,2021-03-10
C01970,B025,Retail,2021-06-24
C01971,B012,SME,2022-09-04
C01972,B002,SME,2022-07-22
C01973,B024,SME,2021-03-22
C01974,B018,SME,2022-11-21
C01975,B021,Retail,2022-09-27
C01976,B003,SME,2022-04-07
C01977,B022,SME,2021-07-03
C01978,B007,SME,2022-05-30
C01979,B017,Retail,2022-04-03
C01980,B023,Retail,2023-01-18
C01981,B009,Retail,2021-07-21
C01982,B020,SME,2021-12-02
C01983,B009,SME,2021-07-09
C01984,B025,Retail,2022-03-12
C01985,B020,SME,2021-08-22
C01986,B007,SME,2022-07-10
C01987,B006,SME,2021-04-22
C01988,B025,Retail,2023-02-25
C01989,B014,SME,2021-04-20
C01990,B014,SME,2022-06-04
C01991,B011,SME,2023-01-02
C01992,B009,SME,2023-04-22
C01993,B013,SME,2021-07-08
C01994,B010,SME,2021-03-27
C01995,B020,SME,2023-02-05
C01996,B025,Retail,2022-02-01
C01997,B019,SME,2022-09-14
C01998,B017,Retail,2021-11-18
C01999,B006,SME,2021-07-22
C02000,B008,SME,2023-04-15
C02001,B014,Retail,2021-12-26
C02002,B022,SME,2022-04-14
C02003,B008,SME,2022-10-08
C02004,B021,SME,2022-03-31
C02005,B020,Retail,2023-02-07
C02006,B016,SME,2022-02-22
C02007,B014,Retail,2021-07-09
C02008,B016,SME,2021-05-30
C02009,B015,SME,2022-11-26
C02010,B016,SME,2023-02-19
C02011,B021,SME,2021-05-20
C02012,B003,Retail,2023-01-14
C02013,B022,Retail,2022-11-24
C02014,B022,Retail,2022-03-17
C02015,B011,Retail,2021-07-26
C02016,B013,SME,2022-09-29
C02017,B002,SME,2023-01-02
C02018,B002,Retail,2021-12-18
C02019,B001,Retail,2021-07-15
C02020,B002,Retail,2021-02-01
C02021,B012,SME,2022-10-07
C02022,B009,Retail,2022-09-28
C02023,B025,SME,2022-07-16
C02024,B004,Retail,2021-07-30
C02025,B015,SME,2021-05-11
C02026,B023,Retail,2021-01-23
C02027,B001,Retail,2023-01-24
C02028,B024,Retail,2021-07-06
C02029,B010,SME,2021-09-22
C02030,B009,Retail,2023-06-03
C02031,B009,Retail,2021-04-19
C02032,B014,Retail,2022-11-29
C02033,B013,Retail,2023-02-10
C02034,B010,SME,2023-05-17
C02035,B017,Retail,2023-02-07
C02036,B021,Retail,2021-06-22
C02037,B013,SME,2023-03-07
C02038,B022,Retail,2022-07-28
C02039,B002,Retail,2021-06-22
C02040,B004,SME,2022-05-08
C02041,B012,Retail,2022-07-30
C02042,B002,Retail,2022-04-19
C02043,B015,Retail,2021-06-29
C02044,B024,SME,2023-06-17
C02045,B017,Retail,2022-07-27
C02046,B008,Retail,2023-05-06
C02047,B019,SME,2021-09-16
C02048,B022,SME,2021-09-01
C02049,B022,SME,2022-08-17
C02050,B019,Retail,2021-01-16
C02051,B016,Retail,2023-06-17
C02052,B018,Retail,2021-06-04
C02053,B020,SME,2021-06-06
C02054,B012,Retail,2022-03-04
C02055,B019,SME,2022-07-25
C02056,B005,SME,2022-04-02
C02057,B024,Retail,2022-03-19
C02058,B022,Retail,2023-05-26
C02059,B021,Retail,2022-11-14
C02060,B011,SME,2021-11-16
C02061,B025,SME,2021-06-24
C02062,B006,SME,2021-10-22
C02063,B005,SME,2023-06-16
C02064,B017,SME,2022-11-08
C02065,B014,SME,2023-02-20
C02066,B021,Retail,2022-06-23
C02067,B024,SME,2022-04-09
C02068,B020,SME,2021-03-09
C02069,B005,Retail,2023-04-08
C02070,B003,SME,2023-05-08
C02071,B001,SME,2022-02-16
C02072,B017,Retail,2021-12-27
C02073,B020,Retail,2022-02-23
C02074,B021,SME,2023-03-13
C02075,B010,Retail,2023-03-06
C02076,B017,SME,2021-11-01
C02077,B007,Retail,2021-12-03
C02078,B018,SME,2022-08-26
C02079,B007,SME,2023-05-26
C02080,B024,SME,2021-09-23
C02081,B023,SME,2021-11-04
C02082,B012,Retail,2021-05-31
C02083,B018,Retail,2021-11-07
C02084,B018,SME,2021-11-06
C02085,B005,SME,2023-01-20
C02086,B006,SME,2022-08-19
C02087,B023,Retail,2022-10-15
C02088,B021,SME,2022-07-23
C02089,B010,SME,2022-02-12
C02090,B021,SME,2023-03-27
C02091,B015,Retail,2021-10-13
C02092,B007,Retail,2022-03-11
C02093,B022,Retail,2021-01-22
C02094,B017,SME,2023-02-01
C02095,B015,Retail,2022-11-03
C02096,B023,SME,2023-02-18
C02097,B001,SME,2022-09-06
C02098,B016,SME,2022-09-26
C02099,B020,Retail,2021-11-10
C02100,B004,Retail,2022-06-04
C02101,B018,SME,2022-04-19
C02102,B003,Retail,2022-03-19
C02103,B019,SME,2023-05-21
C02104,B021,SME,2021-05-23
C02105,B013,Retail,2021-03-07
C02106,B015,SME,2021-11-16
C02107,B015,SME,2021-02-13
C02108,B013,SME,2023-02-02
C02109,B024,SME,2021-07-22
C02110,B021,SME,2022-03-17
C02111,B016,Retail,2021-01-30
C02112,B012,Retail,2023-02-12
C02113,B020,SME,2022-03-06
C02114,B010,Retail,2021-12-11
C02115,B012,Retail,2021-12-07
C02116,B004,SME,2023-06-17
C02117,B025,SME,2023-03-22
C02118,B021,SME,2021-05-11
C02119,B001,SME,2023-03-09
C02120,B016,SME,2022-01-15
C02121,B020,Retail,2021-08-19
C02122,B019,SME,2021-05-16
C02123,B016,Retail,2021-06-07
C02124,B021,Retail,2022-10-02
C02125,B002,Retail,2022-03-05
C02126,B006,Retail,2022-04-17
C02127,B009,Retail,2022-03-24
C02128,B022,Retail,2021-10-24
C02129,B016,SME,2023-03-17
C02130,B008,SME,2023-06-09
C02131,B014,SME,2022-01-29
C02132,B023,Retail,2022-04-03
C02133,B001,SME,2022-05-15
C02134,B018,Retail,2022-07-07
C02135,B016,Retail,2021-12-20
C02136,B025,Retail,2023-03-24
C02137,B010,Retail,2023-05-02
C02138,B012,SME,2022-05-23
C02139,B025,SME,2021-07-19
C02140,B023,SME,2021-10-09
C02141,B006,SME,2022-05-08
C02142,B003,Retail,2021-09-26
C02143,B021,SME,2022-10-11
C02144,B013,SME,2022-08-11
C02145,B021,Retail,2023-06-11
C02146,B016,Retail,2023-02-15
C02147,B022,Retail,2021-09-26
C02148,B023,SME,2023-02-18
C02149,B016,SME,2022-04-22
C02150,B001,SME,2021-08-08
C02151,B013,Retail,2022-11-15
C02152,B017,Retail,2021-10-02
C02153,B015,Retail,2023-05-08
C02154,B001,SME,2021-12-06
C02155,B015,SME,2021-02-12
C02156,B016,Retail,2022-04-11
C02157,B023,Retail,2021-06-09
C02158,B013,Retail,2021-04-26
C02159,B018,SME,2021-07-21
C02160,B016,SME,2022-07-07
C02161,B022,SME,2021-04-02
C02162,B020,SME,2021-11-16
C02163,B015,SME,2021-06-28
C02164,B005,Retail,2021-06-17
C02165,B004,SME,2021-07-29
C02166,B015,SME,2023-02-23
C02167,B013,SME,2022-07-24
C02168,B004,Retail,2021-11-07
C02169,B015,Retail,2022-09-01
C02170,B024,Retail,2022-05-11
C02171,B014,SME,2021-02-21
C02172,B008,SME,2022-12-08
C02173,B024,Retail,2022-08-02
C02174,B006,Retail,2022-02-24
C02175,B015,Retail,2021-03-23
C02176,B014,SME,2021-12-03
C02177,B025,Retail,2022-01-24
C02178,B009,SME,2021-07-08
C02179,B008,SME,2021-05-26
C02180,B007,Retail,2021-11-28
C02181,B012,SME,2022-03-21
C02182,B006,Retail,2023-04-14
C02183,B019,Retail,2021-01-31
C02184,B006,SME,2021-11-06
C02185,B013,SME,2022-10-21
C02186,B019,Retail,2022-12-19
C02187,B003,Retail,2023-04-04
C02188,B013,SME,2023-02-14
C02189,B023,Retail,2022-05-15
C02190,B006,SME,2021-01-28
C02191,B018,SME,2022-04-09
C02192,B024,Retail,2021-03-31
C02193,B023,Retail,2022-03-02
C02194,B025,Retail,2021-06-16
C02195,B007,SME,2021-01-19
C02196,B016,SME,2023-05-12
C02197,B022,SME,2021-02-03
C02198,B007,Retail,2023-04-03
C02199,B019,Retail,2022-11-19
C02200,B005,Retail,2021-08-08
C02201,B015,SME,2022-06-12
C02202,B021,Retail,2021-11-24
C02203,B002,Retail,2023-03-06
C02204,B018,SME,2022-09-14
C02205,B023,Retail,2022-03-29
C02206,B013,Retail,2021-09-15
C02207,B008,Retail,2022-07-02
C02208,B018,Retail,2022-01-18
C02209,B013,SME,2023-06-15
C02210,B008,Retail,2022-07-02
C02211,B001,SME,2021-07-08
C02212,B011,SME,2022-03-10
C02213,B003,Retail,2021-01-13
C02214,B002,SME,2021-04-15
C02215,B014,SME,2021-04-12
C02216,B009,Retail,2021-08-09
C02217,B016,Retail,2023-03-12
C02218,B024,Retail,2021-05-20
C02219,B004,SME,2022-02-10
C02220,B017,SME,2023-03-30
C02221,B003,SME,2021-11-23
C02222,B021,Retail,2022-06-07
C02223,B015,Retail,2021-11-02
C02224,B019,SME,2022-03-04
C02225,B004,SME,2021-01-20
C02226,B001,Retail,2022-08-01
C02227,B024,Retail,2022-01-06
C02228,B025,Retail,2022-11-26
C02229,B016,SME,2022-07-17
C02230,B012,Retail,2021-07-11
C02231,B013,SME,2021-03-30
C02232,B018,Retail,2021-05-29
C02233,B022,SME,2021-03-15
C02234,B010,Retail,2023-06-13
C02235,B022,SME,2023-05-22
C02236,B006,Retail,2022-08-01
C02237,B002,SME,2023-04-24
C02238,B017,Retail,2021-10-12
C02239,B001,Retail,2022-06-16
C02240,B006,Retail,2022-05-05
C02241,B024,SME,2021-11-16
C02242,B019,Retail,2021-03-15
C02243,B020,Retail,2023-06-17
C02244,B023,SME,2021-08-14
C02245,B015,SME,2021-09-05
C02246,B004,Retail,2021-07-26
C02247,B021,SME,2022-11-24
C02248,B002,Retail,2022-03-23
C02249,B020,SME,2021-01-17
C02250,B015,Retail,2023-03-17
C02251,B006,Retail,2021-10-25
C02252,B025,Retail,2023-06-01
C02253,B004,SME,2022-12-23
C02254,B010,SME,2023-04-10
C02255,B009,SME,2023-05-16
C02256,B004,Retail,2021-10-05
C02257,B011,SME,2021-05-09
C02258,B006,Retail,2021-09-13
C02259,B009,Retail,2022-07-28
C02260,B025,SME,2021-03-23
C02261,B005,SME,2023-04-19
C02262,B024,Retail,2022-01-28
C02263,B005,SME,2021-07-09
C02264,B011,Retail,2021-03-04
C02265,B013,SME,2022-11-24
C02266,B011,Retail,2021-10-28
C02267,B010,SME,2021-03-13
C02268,B010,SME,2021-03-15
C02269,B024,SME,2021-02-07
C02270,B013,SME,2021-08-30
C02271,B020,SME,2021-08-08
C02272,B010,Retail,2022-08-14
C02273,B008,Retail,2022-04-25
C02274,B007,SME,2022-02-07
C02275,B003,Retail,2021-11-14
C02276,B014,Retail,2023-02-04
C02277,B007,SME,2023-05-16
C02278,B014,Retail,2021-07-30
C02279,B017,SME,2023-04-30
C02280,B016,SME,2023-06-09
C02281,B015,Retail,2021-11-09
C02282,B022,SME,2022-04-19
C02283,B022,SME,2021-01-15
C02284,B011,Retail,2021-02-12
C02285,B003,Retail,2021-09-24
C02286,B020,SME,2021-07-19
C02287,B017,SME,2022-04-06
C02288,B025,Retail,2022-04-11
C02289,B005,Retail,2023-04-27
C02290,B019,SME,2021-11-25
C02291,B017,SME,2021-04-05
C02292,B013,SME,2022-03-22
C02293,B012,Retail,2023-03-24
C02294,B003,Retail,2021-12-12
C02295,B013,Retail,2021-09-02
C02296,B014,Retail,2023-03-20
C02297,B010,SME,2021-01-11
C02298,B022,Retail,2021-02-12
C02299,B021,SME,2022-06-18
C02300,B005,Retail,2021-05-01
C02301,B015,SME,2021-04-26
C02302,B022,Retail,2021-02-17
C02303,B020,SME,2022-01-26
C02304,B020,SME,2021-10-26
C02305,B025,SME,2023-06-14
C02306,B022,SME,2021-03-10
C02307,B010,SME,2021-10-26
C02308,B016,Retail,2022-02-27
C02309,B021,Retail,2023-06-07
C02310,B009,SME,2022-03-30
C02311,B015,SME,2021-04-22
C02312,B003,SME,2021-05-02
C02313,B024,SME,2022-10-19
C02314,B007,SME,2022-11-13
C02315,B013,Retail,2022-05-14
C02316,B006,SME,2021-07-25
C02317,B010,SME,2021-11-22
C02318,B003,SME,2022-03-29
C02319,B019,SME,2022-11-17
C02320,B010,SME,2021-03-19
C02321,B011,SME,2021-12-08
C02322,B022,SME,2021-08-05
C02323,B019,SME,2022-10-31
C02324,B016,Retail,2021-01-18
C02325,B005,SME,2022-03-06
C02326,B003,SME,2021-06-06
C02327,B010,SME,2023-04-20
C02328,B011,SME,2021-09-24
C02329,B008,SME,2022-05-10
C02330,B007,Retail,2021-10-28
C02331,B004,Retail,2021-12-17
C02332,B006,Retail,2023-04-16
C02333,B012,Retail,2022-07-10
C02334,B018,SME,2022-07-22
C02335,B016,Retail,2021-10-11
C02336,B023,SME,2022-08-23
C02337,B007,Retail,2023-03-18
C02338,B004,SME,2021-01-18
C02339,B014,Retail,2022-01-28
C02340,B019,SME,2022-03-26
C02341,B023,SME,2022-09-27
C02342,B016,SME,2023-05-10
C02343,B002,Retail,2021-05-31
C02344,B023,SME,2022-04-28
C02345,B017,SME,2023-01-03
C02346,B004,Retail,2023-01-26
C02347,B011,Retail,2021-02-06
C02348,B023,Retail,2022-12-19
C02349,B017,Retail,2022-07-11
C02350,B006,Retail,2023-04-18
C02351,B017,SME,2022-06-29
C02352,B025,SME,2021-01-24
C02353,B007,SME,2021-05-09
C02354,B007,SME,2022-08-22
C02355,B006,SME,2022-05-25
C02356,B013,Retail,2022-10-30
C02357,B002,Retail,2022-05-03
C02358,B012,Retail,2021-07-06
C02359,B022,Retail,2021-08-22
C02360,B002,SME,2022-10-11
C02361,B012,Retail,2021-04-29
C02362,B017,SME,2023-03-01
C02363,B019,SME,2023-01-11
C02364,B015,Retail,2023-03-13
C02365,B015,SME,2022-06-13
C02366,B003,SME,2021-03-21
C02367,B021,Retail,2022-11-16
C02368,B024,Retail,2022-05-19
C02369,B007,Retail,2023-01-31
C02370,B025,SME,2021-06-24
C02371,B023,Retail,2023-05-03
C02372,B015,Retail,2023-04-04
C02373,B015,Retail,2022-06-15
C02374,B003,Retail,2022-03-27
C02375,B008,Retail,2022-07-04
C02376,B006,Retail,2021-04-08
C02377,B014,Retail,2021-10-28
C02378,B002,Retail,2022-09-12
C02379,B018,SME,2021-11-14
C02380,B020,SME,2021-09-20
C02381,B018,SME,2023-02-23
C02382,B012,SME,2021-12-07
C02383,B001,SME,2022-05-13
C02384,B009,Retail,2022-01-08
C02385,B010,Retail,2021-06-11
C02386,B007,SME,2021-03-20
C02387,B019,SME,2022-04-19
C02388,B005,Retail,2022-11-07
C02389,B007,Retail,2023-01-27
C02390,B011,Retail,2021-02-08
C02391,B005,SME,2023-03-08
C02392,B001,Retail,2023-01-14
C02393,B025,SME,2021-08-22
C02394,B020,SME,2021-02-15
C02395,B014,SME,2021-11-29
C02396,B017,SME,2021-11-19
C02397,B023,SME,2022-10-10
C02398,B010,Retail,2022-05-13
C02399,B013,Retail,2021-12-04
C02400,B016,SME,2022-09-17
C02401,B001,Retail,2023-01-08
C02402,B001,Retail,2021-09-09
C02403,B006,Retail,2021-09-03
C02404,B017,SME,2023-02-16
C02405,B021,Retail,2021-05-23
C02406,B011,Retail,2021-06-16
C02407,B011,SME,2022-02-22
C02408,B016,Retail,2022-06-05
C02409,B020,Retail,2023-01-18
C02410,B014,SME,2021-04-27
C02411,B011,SME,2021-02-07
C02412,B022,Retail,2023-05-14
C02413,B021,Retail,2021-05-02
C02414,B001,SME,2021-06-18
C02415,B025,Retail,2021-08-12
C02416,B015,SME,2022-08-09
C02417,B010,Retail,2023-04-07
C02418,B013,SME,2021-11-10
C02419,B009,SME,2021-08-04
C02420,B002,Retail,2022-02-27
C02421,B013,SME,2022-07-16
C02422,B015,Retail,2021-01-12
C02423,B013,SME,2021-07-05
C02424,B006,SME,2022-06-23
C02425,B011,Retail,2023-03-26
C02426,B006,Retail,2021-04-23
C02427,B004,Retail,2021-12-10
C02428,B016,Retail,2022-09-20
C02429,B017,SME,2022-05-06
C02430,B006,Retail,2022-05-18
C02431,B008,Retail,2022-02-09
C02432,B019,SME,2021-05-24
C02433,B022,SME,2022-11-20
C02434,B012,Retail,2021-09-19
C02435,B016,Retail,2021-09-30
C02436,B018,Retail,2022-05-07
C02437,B023,SME,2021-11-30
C02438,B017,Retail,2021-05-09
C02439,B010,SME,2021-09-29
C02440,B022,SME,2022-02-20
C02441,B003,SME,2022-01-13
C02442,B002,Retail,2021-04-17
C02443,B006,Retail,2021-12-22
C02444,B016,Retail,2021-07-26
C02445,B020,SME,2022-01-10
C02446,B007,Retail,2022-05-02
C02447,B006,Retail,2021-07-13
C02448,B024,Retail,2021-07-09
C02449,B020,SME,2023-04-17
C02450,B009,SME,2022-07-29
C02451,B012,SME,2021-10-18
C02452,B004,SME,2021-05-16
C02453,B008,SME,2021-12-10
C02454,B021,SME,2021-12-14
C02455,B022,SME,2022-04-11
C02456,B006,Retail,2023-03-10
C02457,B007,SME,2022-01-15
C02458,B004,Retail,2022-11-12
C02459,B024,Retail,2021-01-22
C02460,B001,Retail,2021-05-02
C02461,B020,SME,2022-10-17
C02462,B006,SME,2023-04-11
C02463,B011,Retail,2021-04-24
C02464,B023,SME,2021-08-02
C02465,B005,SME,2021-07-10
C02466,B017,SME,2022-10-13
C02467,B010,SME,2022-04-16
C02468,B017,Retail,2021-02-18
C02469,B017,SME,2022-02-16
C02470,B022,SME,2021-09-17
C02471,B024,SME,2022-03-25
C02472,B023,SME,2021-04-02
C02473,B006,Retail,2022-10-21
C02474,B006,SME,2023-05-01
C02475,B011,SME,2021-11-03
C02476,B010,Retail,2021-07-31
C02477,B007,SME,2021-06-17
C02478,B016,SME,2021-09-27
C02479,B014,SME,2022-06-06
C02480,B025,SME,2021-02-06
C02481,B009,Retail,2021-01-22
C02482,B022,Retail,2022-11-05
C02483,B015,Retail,2021-06-01
C02484,B004,SME,2022-08-07
C02485,B017,SME,2023-04-14
C02486,B002,Retail,2022-09-09
C02487,B016,Retail,2021-04-25
C02488,B011,SME,2022-09-03
C02489,B005,Retail,2023-03-20
C02490,B002,SME,2021-09-20
C02491,B018,Retail,2022-01-01
C02492,B020,SME,2022-01-12
C02493,B004,Retail,2021-04-14
C02494,B018,SME,2022-05-02
C02495,B014,Retail,2021-01-07
C02496,B022,SME,2022-06-28
C02497,B020,Retail,2022-04-02
C02498,B014,SME,2022-05-20
C02499,B023,Retail,2022-10-07
C02500,B023,SME,2021-12-11
C02501,B003,Retail,2022-10-07
C02502,B004,Retail,2021-11-29
C02503,B020,Retail,2022-08-25
C02504,B017,Retail,2022-01-08
C02505,B011,SME,2021-04-08
C02506,B002,SME,2021-08-16
C02507,B021,Retail,2021-02-20
C02508,B013,SME,2022-02-04
C02509,B019,Retail,2022-02-02
C02510,B004,Retail,2023-05-13
C02511,B001,SME,2022-06-28
C02512,B001,SME,2022-07-12
C02513,B004,Retail,2022-02-24
C02514,B010,Retail,2022-05-09
C02515,B002,Retail,2022-11-23
C02516,B003,Retail,2021-08-24
C02517,B015,Retail,2021-06-15
C02518,B003,Retail,2022-06-21
C02519,B015,SME,2021-04-25
C02520,B007,SME,2021-10-11
C02521,B021,Retail,2022-06-06
C02522,B005,Retail,2022-10-19
C02523,B014,Retail,2022-11-06
C02524,B010,Retail,2023-04-05
C02525,B001,Retail,2021-11-30
C02526,B023,Retail,2022-07-07
C02527,B004,SME,2022-09-28
C02528,B007,Retail,2022-01-24
C02529,B015,SME,2022-05-09
C02530,B015,Retail,2021-04-06
C02531,B013,Retail,2021-12-27
C02532,B007,SME,2021-10-20
C02533,B010,SME,2022-01-12
C02534,B002,Retail,2023-01-31
C02535,B005,Retail,2022-01-14
C02536,B005,Retail,2022-08-20
C02537,B019,SME,2023-05-23
C02538,B009,Retail,2022-05-15
C02539,B018,Retail,2021-01-21
C02540,B013,Retail,2021-07-21
C02541,B005,Retail,2021-03-14
C02542,B010,SME,2021-02-18
C02543,B022,SME,2022-01-02
C02544,B002,Retail,2021-08-04
C02545,B008,Retail,2023-04-10
C02546,B016,Retail,2022-01-10
C02547,B018,SME,2021-12-06
C02548,B006,Retail,2021-02-22
C02549,B021,Retail,2023-01-14
C02550,B003,SME,2021-07-13
C02551,B007,SME,2022-01-09
C02552,B008,SME,2022-06-16
C02553,B024,SME,2022-02-15
C02554,B010,SME,2021-12-25
C02555,B020,Retail,2022-07-13
C02556,B009,SME,2021-01-03
C02557,B023,SME,2022-02-16
C02558,B005,Retail,2021-02-04
C02559,B018,Retail,2021-08-29
C02560,B012,SME,2022-08-24
C02561,B003,SME,2022-05-12
C02562,B017,Retail,2021-09-22
C02563,B013,Retail,2023-05-14
C02564,B009,SME,2022-04-08
C02565,B007,Retail,2021-12-27
C02566,B025,SME,2021-09-23
C02567,B014,Retail,2021-07-05
C02568,B003,Retail,2022-03-19
C02569,B007,Retail,2021-01-16
C02570,B001,SME,2021-09-20
C02571,B006,Retail,2023-01-22
C02572,B020,SME,2022-04-08
C02573,B010,SME,2023-05-22
C02574,B021,SME,2022-09-10
C02575,B022,Retail,2021-04-05
C02576,B016,Retail,2023-03-09
C02577,B015,Retail,2022-01-08
C02578,B019,Retail,2022-06-16
C02579,B008,Retail,2023-04-20
C02580,B010,SME,2022-10-20
C02581,B009,SME,2021-05-06
C02582,B015,Retail,2023-01-03
C02583,B005,Retail,2021-10-16
C02584,B004,Retail,2023-03-17
C02585,B015,Retail,2023-04-14
C02586,B021,Retail,2022-09-08
C02587,B001,Retail,2022-07-15
C02588,B010,SME,2021-09-21
C02589,B003,SME,2021-03-26
C02590,B002,SME,2022-06-17
C02591,B021,SME,2021-09-07
C02592,B018,Retail,2022-06-19
C02593,B025,SME,2022-12-31
C02594,B006,SME,2023-01-24
C02595,B014,Retail,2023-01-02
C02596,B007,Retail,2023-04-17
C02597,B006,SME,2022-03-05
C02598,B008,Retail,2022-03-17
C02599,B001,SME,2023-02-15
C02600,B008,SME,2021-09-22
C02601,B009,Retail,2022-06-06
C02602,B021,SME,2022-11-01
C02603,B018,Retail,2022-02-24
C02604,B022,Retail,2021-12-30
C02605,B012,Retail,2023-01-15
C02606,B025,SME,2022-12-05
C02607,B004,SME,2022-11-13
C02608,B020,Retail,2022-05-29
C02609,B010,SME,2023-03-27
C02610,B004,SME,2022-05-04
C02611,B012,SME,2021-12-02
C02612,B023,SME,2022-04-29
C02613,B001,Retail,2021-08-28
C02614,B017,Retail,2021-10-12
C02615,B007,Retail,2022-03-03
C02616,B015,SME,2023-02-28
C02617,B023,Retail,2021-11-19
C02618,B005,SME,2022-05-11
C02619,B004,Retail,2021-04-09
C02620,B022,Retail,2023-05-22
C02621,B023,SME,2023-03-25
C02622,B008,SME,2021-04-09
C02623,B023,Retail,2021-08-23
C02624,B020,SME,2023-01-12
C02625,B011,SME,2022-07-27
C02626,B016,Retail,2021-09-08
C02627,B005,Retail,2023-06-10
C02628,B009,Retail,2022-09-28
C02629,B025,Retail,2021-11-10
C02630,B018,Retail,2021-08-02
C02631,B013,SME,2023-05-27
C02632,B003,Retail,2021-03-08
C02633,B022,Retail,2021-04-05
C02634,B013,Retail,2023-02-26
C02635,B022,SME,2021-04-26
C02636,B009,Retail,2021-09-09
C02637,B010,Retail,2021-07-02
C02638,B010,SME,2022-09-27
C02639,B015,SME,2022-06-01
C02640,B001,SME,2021-08-04
C02641,B014,SME,2021-10-05
C02642,B022,Retail,2021-12-19
C02643,B015,SME,2023-02-20
C02644,B002,SME,2023-03-30
C02645,B016,SME,2021-02-14
C02646,B012,Retail,2022-01-24
C02647,B001,Retail,2022-08-15
C02648,B011,SME,2022-08-25
C02649,B012,SME,2021-08-23
C02650,B024,Retail,2022-12-08
C02651,B008,Retail,2023-04-02
C02652,B003,Retail,2022-12-09
C02653,B001,SME,2021-04-23
C02654,B021,Retail,2023-03-08
C02655,B009,SME,2021-03-01
C02656,B003,SME,2023-03-28
C02657,B011,SME,2022-12-24
C02658,B022,Retail,2023-03-22
C02659,B019,SME,2021-09-20
C02660,B011,SME,2023-03-20
C02661,B014,SME,2022-06-26
C02662,B012,Retail,2022-06-03
C02663,B007,Retail,2021-01-07
C02664,B004,Retail,2021-09-27
C02665,B012,SME,2021-04-13
C02666,B020,Retail,2022-09-29
C02667,B022,Retail,2022-09-18
C02668,B023,SME,2023-05-18
C02669,B016,Retail,2022-09-03
C02670,B016,SME,2023-04-03
C02671,B012,SME,2021-10-24
C02672,B005,SME,2023-01-02
C02673,B021,Retail,2023-04-05
C02674,B022,SME,2021-05-01
C02675,B020,SME,2021-07-19
C02676,B021,Retail,2021-07-16
C02677,B001,Retail,2021-07-04
C02678,B013,SME,2021-11-25
C02679,B007,SME,2021-04-12
C02680,B004,Retail,2021-05-30
C02681,B016,SME,2021-03-22
C02682,B008,Retail,2021-08-01
C02683,B013,SME,2021-04-20
C02684,B005,SME,2022-10-04
C02685,B010,SME,2021-06-12
C02686,B005,Retail,2021-09-16
C02687,B011,SME,2021-09-09
C02688,B012,SME,2021-10-09
C02689,B001,Retail,2021-12-23
C02690,B007,Retail,2023-06-14
C02691,B001,SME,2021-01-10
C02692,B003,SME,2023-04-01
C02693,B018,Retail,2021-07-12
C02694,B008,SME,2021-09-13
C02695,B006,SME,2023-03-14
C02696,B016,Retail,2022-11-12
C02697,B001,SME,2022-11-26
C02698,B004,SME,2021-02-15
C02699,B003,SME,2021-11-16
C02700,B009,Retail,2021-10-08
C02701,B023,Retail,2022-06-18
C02702,B006,SME,2022-02-14
C02703,B019,SME,2021-09-26
C02704,B007,Retail,2023-03-03
C02705,B024,Retail,2021-10-21
C02706,B006,Retail,2022-10-24
C02707,B003,SME,2022-10-27
C02708,B025,Retail,2021-02-19
C02709,B012,Retail,2022-09-26
C02710,B013,SME,2023-01-12
C02711,B015,SME,2022-11-23
C02712,B012,Retail,2022-02-26
C02713,B012,Retail,2022-10-07
C02714,B020,Retail,2023-03-03
C02715,B024,SME,2021-01-23
C02716,B020,SME,2022-05-15
C02717,B015,Retail,2023-06-03
C02718,B010,Retail,2021-05-15
C02719,B005,SME,2023-04-04
C02720,B011,SME,2021-06-10
C02721,B025,SME,2021-03-03
C02722,B006,SME,2021-12-12
C02723,B023,Retail,2022-02-17
C02724,B007,SME,2023-05-14
C02725,B019,SME,2022-07-01
C02726,B023,SME,2022-12-05
C02727,B020,SME,2022-06-12
C02728,B021,Retail,2021-05-27
C02729,B020,SME,2023-02-18
C02730,B016,Retail,2023-02-02
C02731,B021,SME,2021-01-13
C02732,B005,Retail,2023-03-28
C02733,B011,SME,2022-12-05
C02734,B001,Retail,2021-06-23
C02735,B006,Retail,2022-01-09
C02736,B007,Retail,2021-01-09
C02737,B004,SME,2022-03-07
C02738,B025,SME,2021-12-12
C02739,B025,SME,2023-05-29
C02740,B008,SME,2021-10-27
C02741,B019,Retail,2022-01-24
C02742,B022,Retail,2023-03-26
C02743,B022,Retail,2022-05-23
C02744,B001,Retail,2022-06-03
C02745,B009,Retail,2021-04-27
C02746,B004,SME,2022-11-19
C02747,B007,SME,2021-03-19
C02748,B024,SME,2022-02-20
C02749,B014,Retail,2021-07-24
C02750,B005,SME,2021-08-24
C02751,B012,Retail,2022-05-16
C02752,B016,SME,2022-07-05
C02753,B012,Retail,2023-03-16
C02754,B023,SME,2023-03-12
C02755,B001,SME,2023-05-27
C02756,B013,SME,2021-04-25
C02757,B004,SME,2021-02-13
C02758,B015,SME,2023-01-05
C02759,B023,Retail,2022-11-14
C02760,B016,Retail,2022-05-02
C02761,B024,SME,2021-11-06
C02762,B017,Retail,2022-08-04
C02763,B020,Retail,2023-06-11
C02764,B021,SME,2022-07-24
C02765,B008,Retail,2021-08-10
C02766,B003,Retail,2021-11-17
C02767,B018,Retail,2021-08-23
C02768,B023,Retail,2022-11-26
C02769,B007,Retail,2021-06-08
C02770,B016,SME,2023-01-01
C02771,B004,SME,2021-10-31
C02772,B013,Retail,2023-01-15
C02773,B025,SME,2021-02-14
C02774,B009,Retail,2022-11-18
C02775,B025,SME,2023-01-16
C02776,B008,Retail,2021-12-03
C02777,B016,Retail,2022-04-06
C02778,B022,Retail,2023-02-22
C02779,B004,SME,2021-04-14
C02780,B022,SME,2021-07-09
C02781,B012,Retail,2022-03-03
C02782,B021,SME,2021-10-17
C02783,B007,Retail,2022-06-24
C02784,B019,SME,2022-11-11
C02785,B023,SME,2021-08-03
C02786,B009,Retail,2022-02-23
C02787,B014,SME,2022-11-20
C02788,B023,Retail,2021-04-17
C02789,B023,SME,2021-05-18
C02790,B004,Retail,2021-12-08
C02791,B019,Retail,2021-04-08
C02792,B012,Retail,2023-04-07
C02793,B008,Retail,2021-03-08
C02794,B006,Retail,2021-06-17
C02795,B005,Retail,2021-06-05
C02796,B023,SME,2021-05-29
C02797,B025,SME,2023-04-12
C02798,B005,SME,2023-03-03
C02799,B017,Retail,2023-06-01
C02800,B001,Retail,2021-05-28
C02801,B007,SME,2022-11-25
C02802,B017,SME,2023-06-05
C02803,B024,SME,2022-06-30
C02804,B009,Retail,2021-06-29
C02805,B011,SME,2021-07-29
C02806,B011,SME,2021-04-22
C02807,B006,Retail,2022-11-15
C02808,B014,Retail,2022-07-14
C02809,B016,Retail,2021-11-29
C02810,B002,Retail,2022-11-27
C02811,B021,Retail,2022-12-02
C02812,B002,SME,2021-04-06
C02813,B016,SME,2023-01-18
C02814,B003,Retail,2023-06-07
C02815,B012,SME,2022-01-12
C02816,B014,Retail,2022-09-14
C02817,B013,SME,2021-08-08
C02818,B009,Retail,2022-06-01
C02819,B015,SME,2022-07-04
C02820,B007,Retail,2022-07-26
C02821,B008,SME,2023-03-30
C02822,B002,Retail,2023-04-12
C02823,B004,Retail,2022-04-21
C02824,B012,SME,2023-03-02
C02825,B008,SME,2021-07-24
C02826,B007,Retail,2022-10-16
C02827,B025,Retail,2022-09-25
C02828,B010,Retail,2021-06-29
C02829,B005,SME,2023-04-05
C02830,B017,Retail,2021-08-06
C02831,B013,Retail,2022-06-30
C02832,B008,Retail,2022-03-03
C02833,B012,SME,2022-11-22
C02834,B021,Retail,2021-08-21
C02835,B011,SME,2021-07-17
C02836,B007,SME,2023-03-02
C02837,B005,Retail,2022-07-01
C02838,B006,SME,2021-03-29
C02839,B001,SME,2022-04-11
C02840,B020,Retail,2021-02-24
C02841,B013,SME,2021-03-18
C02842,B010,SME,2022-04-13
C02843,B016,SME,2023-01-05
C02844,B013,Retail,2022-10-29
C02845,B021,Retail,2022-07-06
C02846,B007,Retail,2022-12-31
C02847,B008,Retail,2023-02-01
C02848,B015,SME,2021-09-25
C02849,B021,Retail,2023-02-12
C02850,B009,Retail,2022-06-06
C02851,B012,Retail,2021-09-18
C02852,B017,SME,2022-04-27
C02853,B004,Retail,2021-09-14
C02854,B018,Retail,2022-09-18
C02855,B020,SME,2022-02-12
C02856,B002,Retail,2023-04-07
C02857,B020,Retail,2023-01-27
C02858,B020,SME,2022-07-19
C02859,B013,Retail,2022-05-29
C02860,B013,Retail,2022-09-18
C02861,B005,Retail,2021-12-02
C02862,B021,SME,2021-07-09
C02863,B006,SME,2022-02-11
C02864,B017,Retail,2022-12-19
C02865,B021,Retail,2021-12-17
C02866,B009,SME,2022-04-12
C02867,B017,SME,2022-01-11
C02868,B016,Retail,2022-10-19
C02869,B004,Retail,2021-12-02
C02870,B008,SME,2023-01-03
C02871,B015,SME,2022-07-27
C02872,B014,SME,2022-08-03
C02873,B023,Retail,2021-02-23
C02874,B010,Retail,2021-08-04
C02875,B008,SME,2022-07-18
C02876,B019,SME,2021-08-26
C02877,B016,SME,2021-06-11
C02878,B024,SME,2022-05-22
C02879,B010,SME,2021-06-22
C02880,B009,SME,2021-07-11
C02881,B005,Retail,2021-09-29
C02882,B008,SME,2022-08-28
C02883,B009,SME,2021-05-24
C02884,B013,SME,2022-02-02
C02885,B013,Retail,2022-08-10
C02886,B015,SME,2021-01-01
C02887,B004,Retail,2022-11-12
C02888,B007,SME,2023-02-05
C02889,B012,SME,2022-04-02
C02890,B006,Retail,2021-06-12
C02891,B012,SME,2022-02-08
C02892,B008,SME,2021-02-14
C02893,B003,SME,2023-02-16
C02894,B023,SME,2021-06-12
C02895,B017,Retail,2022-10-16
C02896,B023,Retail,2023-03-06
C02897,B008,SME,2021-09-07
C02898,B023,SME,2021-09-29
C02899,B009,SME,2022-12-26
C02900,B006,SME,2022-05-25
C02901,B004,Retail,2021-01-23
C02902,B001,Retail,2022-08-09
C02903,B002,Retail,2021-06-10
C02904,B006,SME,2021-08-11
C02905,B020,Retail,2021-03-21
C02906,B005,Retail,2023-06-14
C02907,B016,SME,2022-04-02
C02908,B018,SME,2022-11-21
C02909,B012,SME,2021-11-27
C02910,B023,SME,2023-05-24
C02911,B013,Retail,2023-03-06
C02912,B010,SME,2023-02-10
C02913,B017,SME,2021-01-28
C02914,B012,SME,2021-12-27
C02915,B009,Retail,2023-05-14
C02916,B023,SME,2022-01-17
C02917,B012,SME,2021-04-27
C02918,B012,SME,2023-03-17
C02919,B005,Retail,2022-01-15
C02920,B011,Retail,2021-03-20
C02921,B021,SME,2021-08-06
C02922,B020,Retail,2021-10-03
C02923,B001,Retail,2022-06-22
C02924,B017,SME,2022-05-24
C02925,B010,SME,2022-09-25
C02926,B002,Retail,2023-02-20
C02927,B015,Retail,2021-09-23
C02928,B022,Retail,2021-07-30
C02929,B007,SME,2022-06-12
C02930,B017,Retail,2023-01-24
C02931,B024,Retail,2023-02-14
C02932,B010,Retail,2022-04-06
C02933,B014,SME,2021-01-10
C02934,B001,Retail,2022-01-12
C02935,B002,Retail,2021-06-27
C02936,B016,Retail,2021-05-06
C02937,B014,Retail,2022-06-06
C02938,B012,SME,2021-07-09
C02939,B024,SME,2022-07-12
C02940,B017,Retail,2022-12-03
C02941,B009,Retail,2022-03-23
C02942,B006,SME,2023-03-31
C02943,B013,SME,2021-08-16
C02944,B024,SME,2022-07-31
C02945,B009,Retail,2021-07-29
C02946,B014,SME,2021-07-15
C02947,B011,Retail,2023-05-02
C02948,B007,Retail,2023-05-18
C02949,B003,SME,2021-07-07
C02950,B004,SME,2022-12-18
C02951,B020,Retail,2022-03-18
C02952,B013,SME,2021-10-23
C02953,B005,SME,2022-03-25
C02954,B025,Retail,2022-06-09
C02955,B021,SME,2023-03-01
C02956,B011,Retail,2022-05-18
C02957,B015,SME,2022-03-08
C02958,B014,SME,2022-05-14
C02959,B003,Retail,2023-01-24
C02960,B004,Retail,2023-05-19
C02961,B008,SME,2022-07-18
C02962,B013,SME,2022-08-07
C02963,B017,Retail,2021-01-10
C02964,B015,Retail,2022-10-18
C02965,B010,SME,2022-09-28
C02966,B016,Retail,2022-09-28
C02967,B013,SME,2021-08-28
C02968,B011,SME,2022-05-20
C02969,B001,SME,2021-12-08
C02970,B024,SME,2022-01-23
C02971,B011,Retail,2021-10-21
C02972,B019,SME,2021-12-09
C02973,B025,SME,2023-03-14
C02974,B001,Retail,2021-01-23
C02975,B008,SME,2023-02-02
C02976,B014,SME,2022-12-03
C02977,B018,Retail,2022-12-22
C02978,B009,Retail,2021-03-21
C02979,B023,SME,2021-10-31
C02980,B013,SME,2022-03-10
C02981,B009,Retail,2021-01-06
C02982,B021,Retail,2022-04-19
C02983,B015,Retail,2021-02-24
C02984,B009,Retail,2023-01-16
C02985,B017,SME,2022-03-27
C02986,B011,SME,2022-03-09
C02987,B011,SME,2021-08-10
C02988,B013,SME,2023-02-21
C02989,B008,SME,2023-04-06
C02990,B005,Retail,2022-09-17
C02991,B005,Retail,2022-12-28
C02992,B008,SME,2021-06-25
C02993,B021,SME,2021-04-25
C02994,B020,Retail,2021-01-14
C02995,B016,Retail,2021-06-09
C02996,B020,SME,2021-06-29
C02997,B013,Retail,2022-07-10
C02998,B019,Retail,2021-01-06
C02999,B017,Retail,2021-02-26
C03000,B022,Retail,2023-04-21
